# Blender 4.5.3 LTS
# www.blender.org
mtllib biplane_fla_mounted.mtl
o Cylinder.001
v 0.000844 0.045265 -0.076385
v 0.000844 0.365954 -0.076385
v 0.004332 0.045265 -0.076042
v 0.004332 0.365954 -0.076042
v 0.007686 0.045265 -0.075024
v 0.007686 0.365954 -0.075024
v 0.010778 0.045265 -0.073372
v 0.010778 0.365954 -0.073372
v 0.013487 0.045265 -0.071148
v 0.013487 0.365954 -0.071148
v 0.015711 0.045265 -0.068439
v 0.015711 0.365954 -0.068439
v 0.017363 0.045265 -0.065348
v 0.017363 0.365954 -0.065348
v 0.018381 0.045265 -0.061993
v 0.018381 0.365954 -0.061993
v 0.018724 0.045265 -0.058505
v 0.018724 0.365954 -0.058505
v 0.018381 0.045265 -0.055017
v 0.018381 0.365954 -0.055017
v 0.017363 0.045265 -0.051663
v 0.017363 0.365954 -0.051663
v 0.015711 0.045265 -0.048571
v 0.015711 0.365954 -0.048571
v 0.013487 0.045265 -0.045862
v 0.013487 0.365954 -0.045862
v 0.010778 0.045265 -0.043638
v 0.010778 0.365954 -0.043638
v 0.007686 0.045265 -0.041986
v 0.007686 0.365954 -0.041986
v 0.004332 0.045265 -0.040968
v 0.004332 0.365954 -0.040968
v 0.000844 0.045265 -0.040625
v 0.000844 0.365954 -0.040625
v -0.002644 0.045265 -0.040968
v -0.002644 0.365954 -0.040968
v -0.005999 0.045265 -0.041986
v -0.005999 0.365954 -0.041986
v -0.009090 0.045265 -0.043638
v -0.009090 0.365954 -0.043638
v -0.011799 0.045265 -0.045862
v -0.011799 0.365954 -0.045862
v -0.014023 0.045265 -0.048571
v -0.014023 0.365954 -0.048571
v -0.015675 0.045265 -0.051663
v -0.015675 0.365954 -0.051663
v -0.016693 0.045265 -0.055017
v -0.016693 0.365954 -0.055017
v -0.017036 0.045265 -0.058505
v -0.017036 0.365954 -0.058505
v -0.016693 0.045265 -0.061993
v -0.016693 0.365954 -0.061993
v -0.015675 0.045265 -0.065348
v -0.015675 0.365954 -0.065348
v -0.014023 0.045265 -0.068439
v -0.014023 0.365954 -0.068439
v -0.011799 0.045265 -0.071148
v -0.011799 0.365954 -0.071148
v -0.009090 0.045265 -0.073372
v -0.009090 0.365954 -0.073372
v -0.005999 0.045265 -0.075024
v -0.005999 0.365954 -0.075024
v -0.002644 0.045265 -0.076042
v -0.002644 0.365954 -0.076042
v -0.443023 0.448748 -0.048317
v -0.440471 0.449279 -0.046579
v -0.442608 0.448449 -0.016244
v -0.440056 0.448979 -0.014505
v -0.442254 0.448368 0.014601
v -0.439701 0.448899 0.016339
v -0.441975 0.448511 0.043031
v -0.439422 0.449042 0.044769
v -0.441781 0.448871 0.067953
v -0.439229 0.449401 0.069691
v -0.441681 0.449434 0.088411
v -0.439129 0.449965 0.090149
v -0.441678 0.450179 0.103617
v -0.439126 0.450710 0.105355
v -0.441772 0.451077 0.112988
v -0.439220 0.451608 0.114726
v -0.441960 0.452094 0.116163
v -0.439408 0.452625 0.117901
v -0.442234 0.453190 0.113021
v -0.439682 0.453721 0.114759
v -0.442584 0.454324 0.103682
v -0.440032 0.454855 0.105420
v -0.442997 0.455452 0.088504
v -0.440444 0.455983 0.090242
v -0.443455 0.456530 0.068072
v -0.440903 0.457061 0.069810
v -0.443943 0.457518 0.043171
v -0.441391 0.458048 0.044909
v -0.444441 0.458376 0.014757
v -0.441889 0.458907 0.016495
v -0.444930 0.459073 -0.016078
v -0.442378 0.459604 -0.014340
v -0.445391 0.459581 -0.048148
v -0.442839 0.460112 -0.046410
v -0.445807 0.459881 -0.080222
v -0.443254 0.460412 -0.078484
v -0.446161 0.459961 -0.111066
v -0.443608 0.460492 -0.109328
v -0.446440 0.459819 -0.139496
v -0.443888 0.460349 -0.137758
v -0.446633 0.459459 -0.164419
v -0.444081 0.459990 -0.162681
v -0.446733 0.458896 -0.184876
v -0.444181 0.459426 -0.183138
v -0.446736 0.458151 -0.200083
v -0.444184 0.458681 -0.198345
v -0.446642 0.457252 -0.209454
v -0.444090 0.457783 -0.207715
v -0.446454 0.456236 -0.212629
v -0.443902 0.456766 -0.210891
v -0.446180 0.455139 -0.209486
v -0.443628 0.455670 -0.207748
v -0.445830 0.454005 -0.200147
v -0.443278 0.454536 -0.198409
v -0.445418 0.452877 -0.184970
v -0.442866 0.453408 -0.183232
v -0.444959 0.451799 -0.164538
v -0.442407 0.452330 -0.162800
v -0.444471 0.450812 -0.139637
v -0.441919 0.451342 -0.137898
v -0.443973 0.449953 -0.111222
v -0.441421 0.450484 -0.109484
v -0.443485 0.449257 -0.080388
v -0.440932 0.449787 -0.078650
v 0.650909 0.530292 -0.072129
v 0.552693 0.365584 -0.086419
v 0.649410 0.528752 -0.023716
v 0.552012 0.363240 -0.006860
v -0.375310 0.529047 -0.129513
v -0.380614 0.366246 -0.134308
v -0.375531 0.529173 0.033514
v -0.380631 0.366241 0.038444
v -0.391263 0.352613 -0.047832
v 0.677512 0.544353 -0.043569
v -0.388554 0.547439 -0.047844
v 0.569816 0.356425 -0.046619
v 0.598339 0.434328 -0.092749
v -0.389987 0.449910 0.049358
v 0.593950 0.431582 0.000455
v -0.389892 0.449939 -0.145288
v 0.654377 0.430604 -0.044839
v -0.404815 0.450149 -0.047832
v -0.388139 0.499391 0.045457
v 0.605755 0.486233 -0.087571
v 0.603684 0.485092 -0.006031
v -0.387996 0.499435 -0.141431
v 0.664571 0.487162 -0.045089
v -0.404045 0.504872 -0.047832
v 0.574929 0.390949 -0.091767
v 0.572009 0.390691 -0.000410
v -0.391239 0.397894 -0.144305
v 0.628521 0.386142 -0.044589
v -0.405586 0.395427 -0.047832
v -0.391287 0.397880 0.048396
v -0.391839 0.355290 0.005871
v 0.678044 0.544164 -0.031402
v -0.387448 0.542291 0.002940
v 0.562919 0.358192 -0.012441
v -0.404815 0.450149 0.006846
v 0.645773 0.432878 -0.024987
v -0.403981 0.505075 0.006860
v 0.658939 0.487464 -0.027312
v 0.620885 0.387738 -0.031987
v -0.405586 0.395427 0.006846
v -0.387444 0.542024 -0.098767
v 0.563716 0.358189 -0.075248
v -0.391839 0.355290 -0.101627
v 0.678914 0.544960 -0.062063
v 0.647485 0.433530 -0.065508
v -0.404815 0.450149 -0.102610
v 0.663397 0.488863 -0.064300
v -0.404045 0.504872 -0.102610
v -0.405586 0.395427 -0.102610
v 0.621911 0.389653 -0.059340
v 0.163953 0.358903 -0.129074
v 0.134015 0.526307 0.042006
v 0.163258 0.358692 0.033970
v 0.140912 0.528400 -0.140013
v 0.132749 0.333112 -0.047792
v 0.132378 0.550953 -0.048756
v 0.134290 0.442557 -0.157427
v 0.172508 0.441565 0.053808
v 0.135061 0.497279 -0.157427
v 0.129889 0.495709 0.060040
v 0.169763 0.390652 0.052882
v 0.171283 0.391813 -0.148123
v 0.166393 0.340617 0.000194
v 0.130799 0.550889 0.005434
v 0.134105 0.551477 -0.103092
v 0.166423 0.340626 -0.094865
v -0.139407 0.349000 -0.152990
v -0.132089 0.531150 0.042968
v -0.136804 0.336908 -0.047792
v -0.136987 0.445830 0.061003
v -0.137078 0.500290 0.060762
v -0.136895 0.391369 0.061243
v -0.136804 0.336908 0.006846
v -0.136804 0.336908 -0.102610
v -0.139407 0.349000 0.057083
v -0.128641 0.532197 -0.140013
v -0.183847 0.440191 -0.048274
v -0.135262 0.446353 -0.157427
v -0.134492 0.501075 -0.157427
v -0.136033 0.391631 -0.157427
v -0.184457 0.440532 0.006172
v -0.182971 0.440405 -0.102851
v -0.257936 0.357451 -0.142816
v -0.252584 0.531874 0.039137
v -0.256657 0.338596 -0.047832
v -0.256073 0.447750 0.061217
v -0.254656 0.497101 0.057196
v -0.256941 0.395851 0.060376
v -0.257233 0.341274 0.005871
v -0.257233 0.341274 -0.101627
v -0.258032 0.357422 0.046906
v -0.251010 0.532190 -0.135613
v -0.254478 0.557372 -0.048087
v -0.255116 0.448041 -0.157427
v -0.253220 0.497537 -0.153571
v -0.256463 0.395996 -0.156444
v -0.253751 0.552257 0.002588
v -0.252929 0.552114 -0.098887
v -0.340248 0.358610 -0.142816
v -0.333933 0.533336 0.039405
v -0.338968 0.339756 -0.047832
v -0.337858 0.449069 0.061364
v -0.336178 0.498500 0.057416
v -0.338990 0.397090 0.060449
v -0.339545 0.342433 0.005871
v -0.339545 0.342433 -0.101627
v -0.340295 0.358596 0.046919
v -0.333274 0.533364 -0.135600
v -0.336258 0.558704 -0.047939
v -0.337427 0.449200 -0.157427
v -0.335531 0.498696 -0.153571
v -0.338774 0.397156 -0.156444
v -0.335258 0.553701 0.002812
v -0.334976 0.553353 -0.098814
v -0.004630 0.347102 0.057083
v 0.006136 0.530299 -0.140013
v 0.015094 0.453265 -0.048515
v -0.000486 0.444455 -0.157427
v 0.000285 0.499177 -0.157427
v -0.001257 0.389733 -0.157427
v 0.014004 0.453406 0.005803
v 0.016407 0.453586 -0.102971
v -0.004630 0.347102 -0.152990
v 0.000963 0.528729 0.042487
v -0.002027 0.335010 -0.047792
v -0.003072 0.443670 0.060762
v -0.003595 0.498000 0.060401
v -0.002550 0.389340 0.061123
v -0.002027 0.335010 0.006846
v -0.002027 0.335010 -0.102610
v 0.325183 0.357358 0.026896
v 0.397530 0.521820 -0.119258
v 0.404945 0.547653 -0.046163
v 0.340762 0.440088 -0.139679
v 0.394442 0.493690 -0.135770
v 0.328450 0.393397 -0.138375
v 0.404421 0.547527 -0.012984
v 0.406509 0.548219 -0.082577
v 0.325802 0.358245 -0.120448
v 0.393333 0.520003 0.023364
v 0.364534 0.339571 -0.045342
v 0.336471 0.438079 0.044946
v 0.387185 0.491467 0.040603
v 0.326166 0.392494 0.044078
v 0.319151 0.342582 -0.001950
v 0.319239 0.342609 -0.090790
v 0.481733 0.359645 0.004987
v 0.525840 0.518530 -0.108880
v 0.541228 0.546003 -0.044866
v 0.511485 0.438429 -0.115658
v 0.520504 0.482939 -0.109931
v 0.491496 0.393256 -0.114433
v 0.541233 0.545845 -0.022193
v 0.542711 0.546589 -0.072320
v 0.482414 0.360900 -0.097330
v 0.522992 0.516851 0.014043
v 0.479780 0.345692 -0.045186
v 0.506400 0.435825 0.021903
v 0.515139 0.481011 0.015099
v 0.488969 0.391650 0.021302
v 0.474451 0.348860 -0.018395
v 0.474565 0.349099 -0.073985
v -0.072018 0.348051 -0.152990
v -0.065563 0.529939 0.042728
v -0.069416 0.335959 -0.047792
v -0.070029 0.444750 0.060882
v -0.070336 0.499145 0.060582
v -0.069723 0.390355 0.061183
v -0.069416 0.335959 0.006846
v -0.069416 0.335959 -0.102610
v -0.072018 0.348051 0.057083
v -0.061253 0.531248 -0.140013
v -0.051243 0.453860 -0.048395
v -0.067874 0.445404 -0.157427
v -0.067104 0.500126 -0.157427
v -0.068645 0.390682 -0.157427
v -0.052094 0.454101 0.005988
v -0.050149 0.454128 -0.102911
v -0.198719 0.353211 0.051994
v -0.189826 0.532193 -0.137813
v -0.194963 0.556323 -0.048181
v -0.195189 0.447197 -0.157427
v -0.193856 0.499306 -0.155499
v -0.196248 0.393813 -0.156936
v -0.194923 0.553979 0.004380
v -0.193757 0.553825 -0.100869
v -0.198672 0.353225 -0.147903
v -0.192336 0.531512 0.041053
v -0.196730 0.337752 -0.047812
v -0.196530 0.446790 0.061110
v -0.195867 0.498696 0.058979
v -0.196918 0.393610 0.060810
v -0.197019 0.339091 0.006359
v -0.197019 0.339091 -0.102118
v 0.079314 0.352897 0.045526
v 0.073524 0.529349 -0.140013
v 0.075462 0.547897 -0.048636
v 0.066902 0.443506 -0.157427
v 0.067673 0.498228 -0.157427
v 0.085013 0.390773 -0.152775
v 0.074131 0.547939 0.005619
v 0.076994 0.548272 -0.103031
v 0.079661 0.353002 -0.141032
v 0.067489 0.527518 0.042246
v 0.065361 0.334061 -0.047792
v 0.084718 0.442617 0.057285
v 0.063147 0.496854 0.060221
v 0.083606 0.389996 0.057002
v 0.082183 0.337813 0.003520
v 0.082198 0.337818 -0.098737
v -0.234955 0.363957 -0.659104
v -0.235416 0.331266 -0.659104
v -0.234955 0.363957 0.559654
v -0.235416 0.331266 0.559654
v 0.016899 0.361509 -0.659104
v 0.016438 0.328818 -0.659104
v 0.016899 0.361509 0.559654
v 0.016438 0.328818 0.559654
v 0.036411 0.327394 -0.047972
v -0.252450 0.364160 -0.047972
v 0.036871 0.360085 -0.047972
v -0.252910 0.331469 -0.047972
v 0.036871 0.360085 -0.371065
v -0.252910 0.331469 -0.371065
v 0.036411 0.327394 -0.371065
v -0.252450 0.364160 -0.371065
v 0.036411 0.327394 0.274864
v -0.252450 0.364160 0.274864
v 0.036871 0.360085 0.274864
v -0.252910 0.331469 0.274864
v -0.108249 0.329432 -0.693643
v -0.107789 0.362123 0.597700
v -0.108250 0.329432 0.597700
v -0.107789 0.362123 -0.693643
v -0.108249 0.329432 -0.047972
v -0.107789 0.362123 -0.047972
v -0.107789 0.362123 -0.371065
v -0.108249 0.329431 -0.371065
v -0.108249 0.329432 0.274864
v -0.107789 0.362123 0.274864
v 0.036411 0.327394 0.436282
v -0.252450 0.364160 0.436282
v 0.036871 0.360085 0.436282
v -0.252910 0.331469 0.436282
v -0.108249 0.329432 0.436282
v -0.107789 0.362123 0.436282
v 0.036411 0.327394 0.516991
v -0.252450 0.364160 0.516991
v -0.108249 0.329431 0.516991
v -0.107789 0.362123 0.516991
v 0.036871 0.360085 0.516991
v -0.252910 0.331469 0.516991
v 0.036871 0.360085 -0.532354
v -0.252910 0.331469 -0.532354
v 0.036411 0.327394 -0.532354
v -0.252450 0.364160 -0.532354
v -0.108249 0.329432 -0.532354
v -0.107789 0.362123 -0.532354
v 0.036871 0.360085 -0.612999
v -0.252910 0.331469 -0.612999
v 0.036411 0.327394 -0.612999
v -0.252450 0.364160 -0.612999
v -0.108249 0.329432 -0.612999
v -0.107789 0.362123 -0.612999
v -0.180580 0.330450 0.597700
v -0.180119 0.363141 -0.693643
v -0.180119 0.363141 -0.047972
v -0.180119 0.363141 -0.371065
v -0.180119 0.363141 0.274864
v -0.180580 0.330450 -0.693643
v -0.180119 0.363141 0.597700
v -0.180580 0.330450 -0.047972
v -0.180580 0.330450 -0.371065
v -0.180580 0.330450 0.274864
v -0.180119 0.363141 0.436282
v -0.180580 0.330450 0.436282
v -0.180119 0.363141 0.516991
v -0.180580 0.330450 0.516991
v -0.180119 0.363141 -0.532354
v -0.180580 0.330450 -0.532354
v -0.180580 0.330450 -0.612999
v -0.180119 0.363141 -0.612999
v -0.035919 0.328413 -0.693643
v -0.035459 0.361104 0.597700
v -0.035919 0.328413 -0.047972
v -0.035919 0.328413 -0.371065
v -0.035919 0.328413 0.274864
v -0.035919 0.328413 0.597700
v -0.035459 0.361104 -0.693643
v -0.035459 0.361104 -0.047972
v -0.035459 0.361104 -0.371065
v -0.035459 0.361104 0.274864
v -0.035919 0.328413 0.436282
v -0.035459 0.361104 0.436282
v -0.035919 0.328413 0.516991
v -0.035459 0.361104 0.516991
v -0.035919 0.328413 -0.532354
v -0.035459 0.361104 -0.532354
v -0.035459 0.361104 -0.612999
v -0.035919 0.328413 -0.612999
v 0.036871 0.360085 0.355573
v -0.252910 0.331469 0.355573
v 0.036411 0.327394 0.355573
v -0.252450 0.364160 0.355573
v -0.108249 0.329431 0.355573
v -0.107789 0.362123 0.355573
v -0.180580 0.330450 0.355573
v -0.180119 0.363141 0.355573
v -0.035459 0.361104 0.355573
v -0.035919 0.328413 0.355573
v 0.036411 0.327394 -0.451709
v -0.252450 0.364160 -0.451709
v -0.108249 0.329431 -0.451709
v -0.107789 0.362123 -0.451709
v 0.036871 0.360085 -0.451709
v -0.252910 0.331469 -0.451709
v -0.180119 0.363141 -0.451709
v -0.180580 0.330450 -0.451709
v -0.035919 0.328413 -0.451709
v -0.035459 0.361104 -0.451709
v 0.412782 0.670609 -0.036134
v 0.352639 0.539154 -0.036220
v 0.412782 0.670609 -0.059638
v 0.352639 0.539154 -0.059723
v 0.656073 0.702515 -0.036220
v 0.677479 0.538732 -0.036220
v 0.656073 0.702515 -0.059723
v 0.677479 0.538732 -0.059723
v 0.378442 0.616689 -0.036220
v 0.678979 0.645209 -0.059723
v 0.378442 0.616689 -0.059723
v 0.678979 0.645209 -0.036220
v 0.524113 0.540892 -0.036220
v 0.527143 0.756006 -0.059723
v 0.524113 0.540892 -0.059723
v 0.527143 0.756006 -0.036220
v 0.525612 0.647369 -0.036220
v 0.525613 0.647369 -0.059723
v 0.673972 0.671709 -0.059723
v 0.390269 0.639589 -0.036134
v 0.390269 0.639589 -0.059638
v 0.673972 0.671709 -0.036220
v 0.526377 0.701688 -0.036220
v 0.526378 0.701688 -0.059723
v 0.600796 0.539812 -0.036220
v 0.595287 0.748356 -0.059723
v 0.602296 0.646289 -0.059723
v 0.600796 0.539812 -0.059723
v 0.595287 0.748356 -0.036220
v 0.602296 0.646289 -0.036220
v 0.603061 0.700608 -0.036220
v 0.603061 0.700608 -0.059723
v 0.447430 0.541972 -0.059723
v 0.459790 0.713741 -0.036220
v 0.448929 0.648449 -0.036220
v 0.447430 0.541972 -0.036220
v 0.459790 0.713741 -0.059723
v 0.448929 0.648449 -0.059723
v 0.449694 0.702767 -0.059723
v 0.449694 0.702767 -0.036220
v 0.371497 0.596290 -0.036220
v 0.371497 0.596290 -0.059723
v 0.678229 0.591970 -0.036220
v 0.678229 0.591970 -0.059723
v 0.524863 0.594130 -0.059723
v 0.524863 0.594130 -0.036220
v 0.601546 0.593050 -0.036220
v 0.601546 0.593050 -0.059723
v 0.448180 0.595210 -0.059723
v 0.448180 0.595210 -0.036220
v 0.639138 0.539272 -0.036220
v 0.628970 0.728184 -0.059723
v 0.640637 0.645749 -0.059723
v 0.641402 0.700068 -0.059723
v 0.639138 0.539272 -0.059723
v 0.628970 0.728184 -0.036220
v 0.640637 0.645749 -0.036220
v 0.641402 0.700068 -0.036220
v 0.639887 0.592510 -0.036220
v 0.639887 0.592510 -0.059723
v 0.562455 0.540352 -0.059723
v 0.565484 0.755467 -0.036220
v 0.563954 0.646829 -0.036220
v 0.564719 0.701148 -0.036220
v 0.562454 0.540352 -0.036220
v 0.565484 0.755467 -0.059723
v 0.563954 0.646829 -0.059723
v 0.564719 0.701147 -0.059723
v 0.563204 0.593590 -0.059723
v 0.563204 0.593590 -0.036220
v 0.485771 0.541432 -0.036220
v 0.492604 0.738881 -0.059723
v 0.487271 0.647909 -0.059723
v 0.488036 0.702228 -0.059723
v 0.485771 0.541432 -0.059723
v 0.492604 0.738881 -0.036220
v 0.487271 0.647909 -0.036220
v 0.488036 0.702228 -0.036220
v 0.486521 0.594670 -0.036220
v 0.486521 0.594670 -0.059723
v 0.409088 0.542512 -0.059723
v 0.434132 0.690750 -0.036134
v 0.410588 0.648988 -0.036220
v 0.419738 0.664352 -0.036220
v 0.409088 0.542512 -0.036220
v 0.434132 0.690750 -0.059638
v 0.410588 0.648988 -0.059723
v 0.419738 0.664352 -0.059723
v 0.409838 0.595750 -0.059723
v 0.409838 0.595750 -0.036220
v 0.525612 0.647369 -0.036220
v 0.524863 0.594130 -0.036220
v 0.563954 0.646829 -0.036220
v 0.563204 0.593590 -0.036220
v -0.195889 0.345323 -0.527902
v -0.222285 0.652121 -0.587284
v -0.192074 0.345706 -0.527617
v -0.218470 0.652505 -0.586999
v -0.188404 0.346211 -0.526639
v -0.214800 0.653010 -0.586021
v -0.185021 0.346819 -0.525006
v -0.211417 0.653617 -0.584388
v -0.182054 0.347505 -0.522780
v -0.208450 0.654303 -0.582162
v -0.179618 0.348243 -0.520047
v -0.206014 0.655042 -0.579429
v -0.177806 0.349006 -0.516912
v -0.204202 0.655804 -0.576294
v -0.176688 0.349763 -0.513496
v -0.203084 0.656562 -0.572878
v -0.176307 0.350487 -0.509929
v -0.202703 0.657285 -0.569311
v -0.176677 0.351148 -0.506349
v -0.203073 0.657946 -0.565731
v -0.177784 0.351721 -0.502894
v -0.204181 0.658520 -0.562276
v -0.179587 0.352185 -0.499696
v -0.205983 0.658984 -0.559077
v -0.182014 0.352522 -0.496877
v -0.208410 0.659320 -0.556259
v -0.184974 0.352718 -0.494548
v -0.211370 0.659517 -0.553929
v -0.188352 0.352767 -0.492796
v -0.214748 0.659565 -0.552177
v -0.192018 0.352665 -0.491689
v -0.218415 0.659464 -0.551071
v -0.195833 0.352418 -0.491270
v -0.222229 0.659217 -0.550652
v -0.199648 0.352035 -0.491555
v -0.226044 0.658833 -0.550937
v -0.203318 0.351530 -0.492533
v -0.229714 0.658328 -0.551915
v -0.206701 0.350922 -0.494166
v -0.233097 0.657721 -0.553548
v -0.209668 0.350236 -0.496392
v -0.236064 0.657035 -0.555774
v -0.212104 0.349498 -0.499125
v -0.238500 0.656296 -0.558507
v -0.213916 0.348735 -0.502260
v -0.240312 0.655534 -0.561642
v -0.215034 0.347978 -0.505676
v -0.241430 0.654776 -0.565058
v -0.215415 0.347255 -0.509243
v -0.241811 0.654053 -0.568625
v -0.215045 0.346594 -0.512823
v -0.241441 0.653392 -0.572205
v -0.213938 0.346020 -0.516278
v -0.240334 0.652818 -0.575660
v -0.212135 0.345556 -0.519477
v -0.238532 0.652354 -0.578859
v -0.209708 0.345219 -0.522295
v -0.236104 0.652018 -0.581677
v -0.206748 0.345023 -0.524625
v -0.233144 0.651821 -0.584007
v -0.203370 0.344975 -0.526377
v -0.229766 0.651773 -0.585759
v -0.199703 0.345076 -0.527483
v -0.226100 0.651874 -0.586865
v -0.025020 0.362634 -0.527902
v -0.051416 0.669432 -0.587284
v -0.021204 0.363017 -0.527617
v -0.047601 0.669816 -0.586999
v -0.017535 0.363522 -0.526639
v -0.043931 0.670321 -0.586021
v -0.014151 0.364129 -0.525006
v -0.040547 0.670928 -0.584388
v -0.011185 0.364815 -0.522780
v -0.037581 0.671614 -0.582162
v -0.008748 0.365554 -0.520047
v -0.035145 0.672352 -0.579429
v -0.006937 0.366317 -0.516912
v -0.033333 0.673115 -0.576294
v -0.005819 0.367074 -0.513496
v -0.032215 0.673873 -0.572878
v -0.005437 0.367797 -0.509929
v -0.031834 0.674596 -0.569311
v -0.005808 0.368458 -0.506349
v -0.032204 0.675257 -0.565731
v -0.006915 0.369032 -0.502894
v -0.033311 0.675830 -0.562276
v -0.008717 0.369496 -0.499696
v -0.035113 0.676294 -0.559077
v -0.011145 0.369832 -0.496877
v -0.037541 0.676631 -0.556259
v -0.014104 0.370029 -0.494548
v -0.040501 0.676827 -0.553929
v -0.017482 0.370077 -0.492796
v -0.043879 0.676876 -0.552177
v -0.021149 0.369976 -0.491689
v -0.047545 0.676774 -0.551071
v -0.024963 0.369729 -0.491270
v -0.051360 0.676527 -0.550652
v -0.028779 0.369345 -0.491555
v -0.055175 0.676144 -0.550937
v -0.032449 0.368840 -0.492533
v -0.058845 0.675639 -0.551915
v -0.035832 0.368233 -0.494166
v -0.062228 0.675032 -0.553548
v -0.038799 0.367547 -0.496392
v -0.065195 0.674346 -0.555774
v -0.041235 0.366809 -0.499125
v -0.067631 0.673607 -0.558507
v -0.043047 0.366046 -0.502260
v -0.069443 0.672844 -0.561642
v -0.044165 0.365288 -0.505676
v -0.070561 0.672087 -0.565058
v -0.044546 0.364565 -0.509243
v -0.070942 0.671364 -0.568625
v -0.044176 0.363904 -0.512823
v -0.070572 0.670703 -0.572205
v -0.043068 0.363331 -0.516279
v -0.069464 0.670129 -0.575660
v -0.041266 0.362867 -0.519477
v -0.067662 0.669665 -0.578859
v -0.038838 0.362530 -0.522295
v -0.065235 0.669329 -0.581677
v -0.035879 0.362334 -0.524625
v -0.062275 0.669132 -0.584007
v -0.032501 0.362285 -0.526377
v -0.058897 0.669084 -0.585759
v -0.028834 0.362387 -0.527483
v -0.055230 0.669185 -0.586865
v -0.197448 0.351864 0.389542
v -0.221865 0.659342 0.446193
v -0.193622 0.352115 0.389828
v -0.218038 0.659593 0.446478
v -0.189920 0.352228 0.390808
v -0.214336 0.659706 0.447458
v -0.186484 0.352200 0.392444
v -0.210900 0.659678 0.449094
v -0.183446 0.352030 0.394673
v -0.207863 0.659508 0.451324
v -0.180924 0.351726 0.397411
v -0.205340 0.659204 0.454061
v -0.179014 0.351299 0.400551
v -0.203430 0.658777 0.457201
v -0.177789 0.350766 0.403973
v -0.202205 0.658244 0.460624
v -0.177297 0.350147 0.407546
v -0.201713 0.657625 0.464196
v -0.177556 0.349465 0.411132
v -0.201972 0.656944 0.467782
v -0.178556 0.348748 0.414593
v -0.202973 0.656227 0.471243
v -0.180260 0.348023 0.417797
v -0.204677 0.655501 0.474447
v -0.182601 0.347317 0.420620
v -0.207018 0.654795 0.477270
v -0.185490 0.346657 0.422953
v -0.209907 0.654136 0.479604
v -0.188816 0.346070 0.424708
v -0.213232 0.653548 0.481358
v -0.192450 0.345577 0.425816
v -0.216867 0.653055 0.482467
v -0.196253 0.345198 0.426236
v -0.220670 0.652676 0.482886
v -0.200080 0.344947 0.425950
v -0.224496 0.652425 0.482601
v -0.203782 0.344833 0.424971
v -0.228199 0.652311 0.481621
v -0.207218 0.344862 0.423334
v -0.231634 0.652340 0.479985
v -0.210255 0.345031 0.421105
v -0.234672 0.652510 0.477755
v -0.212778 0.345335 0.418367
v -0.237194 0.652814 0.475018
v -0.214688 0.345762 0.415227
v -0.239105 0.653241 0.471877
v -0.215913 0.346296 0.411805
v -0.240329 0.653774 0.468455
v -0.216405 0.346915 0.408232
v -0.240822 0.654393 0.464882
v -0.216146 0.347596 0.404646
v -0.240562 0.655074 0.461297
v -0.215145 0.348313 0.401185
v -0.239562 0.655791 0.457835
v -0.213441 0.349039 0.397982
v -0.237858 0.656517 0.454632
v -0.211100 0.349745 0.395159
v -0.235517 0.657223 0.451809
v -0.208211 0.350404 0.392825
v -0.232628 0.657882 0.449475
v -0.204886 0.350991 0.391070
v -0.229302 0.658470 0.447721
v -0.201251 0.351484 0.389962
v -0.225668 0.658962 0.446612
v -0.026579 0.369174 0.389542
v -0.050995 0.676652 0.446193
v -0.022752 0.369425 0.389828
v -0.047169 0.676904 0.446478
v -0.019050 0.369539 0.390808
v -0.043467 0.677017 0.447458
v -0.015614 0.369510 0.392444
v -0.040031 0.676989 0.449094
v -0.012577 0.369341 0.394674
v -0.036993 0.676819 0.451324
v -0.010054 0.369037 0.397411
v -0.034471 0.676515 0.454061
v -0.008144 0.368610 0.400551
v -0.032561 0.676088 0.457201
v -0.006919 0.368077 0.403973
v -0.031336 0.675555 0.460624
v -0.006427 0.367457 0.407546
v -0.030844 0.674936 0.464196
v -0.006686 0.366776 0.411132
v -0.031103 0.674254 0.467782
v -0.007687 0.366059 0.414593
v -0.032104 0.673537 0.471243
v -0.009391 0.365333 0.417797
v -0.033807 0.672812 0.474447
v -0.011732 0.364628 0.420620
v -0.036149 0.672106 0.477270
v -0.014621 0.363968 0.422953
v -0.039038 0.671446 0.479604
v -0.017946 0.363381 0.424708
v -0.042363 0.670859 0.481358
v -0.021581 0.362888 0.425816
v -0.045997 0.670366 0.482467
v -0.025384 0.362509 0.426236
v -0.049801 0.669987 0.482886
v -0.029210 0.362257 0.425950
v -0.053627 0.669736 0.482601
v -0.032913 0.362144 0.424971
v -0.057329 0.669622 0.481621
v -0.036348 0.362173 0.423334
v -0.060765 0.669651 0.479985
v -0.039386 0.362342 0.421105
v -0.063803 0.669820 0.477755
v -0.041908 0.362646 0.418367
v -0.066325 0.670124 0.475018
v -0.043819 0.363073 0.415227
v -0.068235 0.670551 0.471877
v -0.045043 0.363606 0.411805
v -0.069460 0.671084 0.468455
v -0.045536 0.364225 0.408232
v -0.069952 0.671704 0.464882
v -0.045276 0.364907 0.404646
v -0.069693 0.672385 0.461297
v -0.044276 0.365624 0.401185
v -0.068692 0.673102 0.457835
v -0.042572 0.366349 0.397982
v -0.066989 0.673828 0.454632
v -0.040231 0.367055 0.395159
v -0.064647 0.674534 0.451809
v -0.037342 0.367715 0.392825
v -0.061758 0.675193 0.449475
v -0.034016 0.368302 0.391070
v -0.058433 0.675780 0.447721
v -0.030382 0.368795 0.389962
v -0.054799 0.676273 0.446612
v 0.604287 0.462700 -0.282031
v 0.604076 0.447654 -0.282031
v 0.604287 0.462700 0.189423
v 0.604076 0.447654 0.189423
v 0.406244 0.465214 -0.279512
v 0.406032 0.450168 -0.279512
v 0.406244 0.465214 0.186096
v 0.406032 0.450167 0.186096
v 0.382380 0.450221 -0.047972
v 0.633472 0.461734 -0.047972
v 0.382592 0.465267 -0.047972
v 0.633260 0.446688 -0.047972
v 0.382592 0.465267 -0.173241
v 0.633260 0.446688 -0.173241
v 0.382380 0.450221 -0.173241
v 0.633472 0.461734 -0.173241
v 0.507820 0.448454 -0.298511
v 0.508032 0.463501 0.202568
v 0.507820 0.448454 0.202568
v 0.508032 0.463501 -0.298511
v 0.507820 0.448454 -0.047972
v 0.508032 0.463501 -0.047972
v 0.508032 0.463501 -0.173241
v 0.507820 0.448454 -0.173241
v 0.382592 0.465267 -0.234188
v 0.633260 0.446688 -0.234188
v 0.382380 0.450221 -0.234188
v 0.633472 0.461734 -0.234188
v 0.507820 0.448454 -0.234188
v 0.508032 0.463501 -0.234188
v 0.382380 0.450221 0.077298
v 0.633472 0.461734 0.077298
v 0.382592 0.465267 0.077298
v 0.633260 0.446688 0.077298
v 0.507820 0.448454 0.077298
v 0.508032 0.463501 0.077298
v 0.382380 0.450221 0.139933
v 0.633472 0.461734 0.139933
v 0.507820 0.448454 0.139933
v 0.508032 0.463501 0.139933
v 0.382592 0.465267 0.139933
v 0.633260 0.446688 0.139933
v 0.445100 0.449338 -0.298511
v 0.445312 0.464384 0.202568
v 0.445100 0.449338 -0.047972
v 0.445100 0.449338 -0.173241
v 0.445100 0.449338 0.202568
v 0.445312 0.464384 -0.298511
v 0.445312 0.464384 -0.047972
v 0.445312 0.464384 -0.173241
v 0.445100 0.449338 -0.234188
v 0.445312 0.464384 -0.234188
v 0.445100 0.449338 0.077298
v 0.445312 0.464384 0.077298
v 0.445100 0.449338 0.139933
v 0.445312 0.464384 0.139933
v 0.570540 0.447571 0.202568
v 0.570752 0.462617 -0.298511
v 0.570752 0.462617 -0.047972
v 0.570752 0.462617 -0.173241
v 0.570540 0.447571 -0.298511
v 0.570752 0.462617 0.202568
v 0.570540 0.447571 -0.047972
v 0.570540 0.447571 -0.173241
v 0.570752 0.462617 -0.234188
v 0.570540 0.447571 -0.234188
v 0.570752 0.462617 0.077298
v 0.570540 0.447571 0.077298
v 0.570752 0.462617 0.139933
v 0.570540 0.447571 0.139933
v 0.391839 0.450356 0.164462
v 0.623175 0.462236 0.164684
v 0.507820 0.448454 0.171250
v 0.508032 0.463501 0.171250
v 0.392051 0.465403 0.164462
v 0.622963 0.447189 0.164684
v 0.445100 0.449338 0.171250
v 0.445312 0.464384 0.171250
v 0.570752 0.462617 0.171250
v 0.570540 0.447571 0.171250
v 0.392051 0.465403 -0.257353
v 0.622963 0.447189 -0.256479
v 0.391839 0.450356 -0.257353
v 0.623175 0.462236 -0.256479
v 0.507820 0.448454 -0.266349
v 0.508032 0.463501 -0.266349
v 0.445312 0.464384 -0.266349
v 0.445100 0.449338 -0.266349
v 0.570540 0.447571 -0.266349
v 0.570752 0.462617 -0.266349
v 0.423199 0.449915 -0.289515
v 0.423411 0.464961 0.195779
v 0.413740 0.449779 -0.047972
v 0.413740 0.449779 -0.173241
v 0.413740 0.449779 -0.234188
v 0.413740 0.449779 0.077298
v 0.413740 0.449779 0.139933
v 0.423199 0.449915 0.195780
v 0.423411 0.464961 -0.289515
v 0.413952 0.464826 -0.047972
v 0.413952 0.464826 -0.173241
v 0.413952 0.464826 -0.234188
v 0.413952 0.464826 0.077298
v 0.413952 0.464826 0.139933
v 0.413740 0.449779 0.171250
v 0.413952 0.464826 0.171250
v 0.413740 0.449779 -0.266349
v 0.413952 0.464826 -0.266349
v 0.591603 0.447631 0.196002
v 0.591815 0.462678 -0.288640
v 0.602112 0.462176 -0.047972
v 0.602112 0.462176 -0.173241
v 0.602112 0.462176 -0.234188
v 0.602112 0.462176 0.077298
v 0.602112 0.462176 0.139933
v 0.591603 0.447631 -0.288640
v 0.591815 0.462678 0.196002
v 0.601900 0.447129 -0.047972
v 0.601900 0.447129 -0.173241
v 0.601900 0.447129 -0.234188
v 0.601900 0.447129 0.077298
v 0.601900 0.447129 0.139933
v 0.602112 0.462176 0.171250
v 0.601900 0.447129 0.171250
v 0.602112 0.462176 -0.266349
v 0.601900 0.447129 -0.266349
v 0.406244 0.465214 0.186096
v 0.406032 0.450167 0.186096
v 0.391839 0.450356 0.164462
v 0.392051 0.465403 0.164462
v 0.423411 0.464961 0.195779
v 0.423199 0.449915 0.195780
v -0.252311 0.373279 0.008507
v -0.241091 0.657350 0.060721
v -0.251422 0.373232 0.008572
v -0.240202 0.657303 0.060786
v -0.250565 0.373157 0.008795
v -0.239345 0.657228 0.061009
v -0.249774 0.373057 0.009169
v -0.238554 0.657128 0.061383
v -0.249078 0.372936 0.009679
v -0.237858 0.657007 0.061893
v -0.248505 0.372798 0.010305
v -0.237285 0.656869 0.062519
v -0.248077 0.372650 0.011023
v -0.236857 0.656721 0.063237
v -0.247809 0.372495 0.011805
v -0.236589 0.656566 0.064019
v -0.247713 0.372341 0.012622
v -0.236493 0.656412 0.064836
v -0.247791 0.372194 0.013442
v -0.236571 0.656265 0.065656
v -0.248042 0.372058 0.014233
v -0.236822 0.656129 0.066447
v -0.248455 0.371940 0.014966
v -0.237235 0.656011 0.067180
v -0.249014 0.371843 0.015611
v -0.237794 0.655914 0.067825
v -0.249699 0.371772 0.016145
v -0.238479 0.655843 0.068359
v -0.250482 0.371729 0.016546
v -0.239262 0.655800 0.068761
v -0.251333 0.371716 0.016800
v -0.240113 0.655787 0.069014
v -0.252221 0.371734 0.016896
v -0.241001 0.655805 0.069110
v -0.253110 0.371781 0.016831
v -0.241890 0.655852 0.069045
v -0.253966 0.371856 0.016607
v -0.242746 0.655927 0.068822
v -0.254758 0.371956 0.016234
v -0.243538 0.656027 0.068448
v -0.255453 0.372077 0.015724
v -0.244233 0.656148 0.067938
v -0.256027 0.372214 0.015098
v -0.244807 0.656285 0.067312
v -0.256455 0.372363 0.014380
v -0.245235 0.656434 0.066594
v -0.256723 0.372518 0.013598
v -0.245503 0.656589 0.065812
v -0.256819 0.372672 0.012781
v -0.245599 0.656743 0.064995
v -0.256740 0.372819 0.011961
v -0.245520 0.656890 0.064175
v -0.256490 0.372955 0.011170
v -0.245270 0.657026 0.063384
v -0.256077 0.373073 0.010437
v -0.244857 0.657144 0.062651
v -0.255518 0.373170 0.009792
v -0.244298 0.657241 0.062006
v -0.254833 0.373241 0.009258
v -0.243613 0.657312 0.061472
v -0.254050 0.373284 0.008856
v -0.242830 0.657355 0.061070
v -0.253199 0.373297 0.008603
v -0.241979 0.657368 0.060817
v -0.073641 0.388206 0.008507
v -0.062421 0.672277 0.060721
v -0.072752 0.388159 0.008572
v -0.061532 0.672230 0.060786
v -0.071895 0.388084 0.008795
v -0.060675 0.672155 0.061009
v -0.071104 0.387984 0.009169
v -0.059884 0.672055 0.061383
v -0.070408 0.387863 0.009679
v -0.059188 0.671934 0.061893
v -0.069835 0.387726 0.010305
v -0.058615 0.671797 0.062519
v -0.069407 0.387577 0.011023
v -0.058187 0.671648 0.063237
v -0.069139 0.387422 0.011805
v -0.057919 0.671493 0.064019
v -0.069043 0.387268 0.012622
v -0.057823 0.671339 0.064836
v -0.069121 0.387121 0.013442
v -0.057901 0.671192 0.065656
v -0.069372 0.386985 0.014233
v -0.058152 0.671056 0.066447
v -0.069785 0.386867 0.014966
v -0.058565 0.670938 0.067180
v -0.070344 0.386770 0.015611
v -0.059124 0.670841 0.067825
v -0.071029 0.386699 0.016145
v -0.059809 0.670770 0.068359
v -0.071812 0.386656 0.016546
v -0.060592 0.670727 0.068761
v -0.072663 0.386643 0.016800
v -0.061443 0.670714 0.069014
v -0.073551 0.386661 0.016896
v -0.062330 0.670732 0.069110
v -0.074440 0.386708 0.016831
v -0.063220 0.670779 0.069045
v -0.075296 0.386783 0.016607
v -0.064076 0.670854 0.068822
v -0.076088 0.386883 0.016234
v -0.064868 0.670954 0.068448
v -0.076783 0.387004 0.015724
v -0.065563 0.671075 0.067938
v -0.077356 0.387142 0.015098
v -0.066136 0.671213 0.067312
v -0.077785 0.387290 0.014380
v -0.066565 0.671361 0.066594
v -0.078053 0.387445 0.013598
v -0.066833 0.671516 0.065812
v -0.078149 0.387599 0.012781
v -0.066929 0.671670 0.064995
v -0.078070 0.387746 0.011961
v -0.066850 0.671817 0.064175
v -0.077820 0.387882 0.011170
v -0.066600 0.671953 0.063384
v -0.077407 0.388000 0.010437
v -0.066187 0.672071 0.062651
v -0.076848 0.388097 0.009792
v -0.065628 0.672168 0.062006
v -0.076163 0.388168 0.009258
v -0.064943 0.672239 0.061472
v -0.075380 0.388211 0.008856
v -0.064160 0.672282 0.061070
v -0.074529 0.388224 0.008603
v -0.063309 0.672295 0.060817
v -0.072755 0.386832 -0.118693
v -0.063421 0.670497 -0.173425
v -0.071865 0.386815 -0.118628
v -0.062531 0.670480 -0.173360
v -0.071005 0.386830 -0.118405
v -0.061671 0.670495 -0.173136
v -0.070208 0.386876 -0.118031
v -0.060874 0.670541 -0.172763
v -0.069505 0.386951 -0.117523
v -0.060171 0.670616 -0.172254
v -0.068924 0.387052 -0.116898
v -0.059589 0.670717 -0.171630
v -0.068485 0.387176 -0.116181
v -0.059151 0.670841 -0.170913
v -0.068207 0.387318 -0.115400
v -0.058873 0.670983 -0.170132
v -0.068099 0.387471 -0.114585
v -0.058765 0.671136 -0.169316
v -0.068167 0.387632 -0.113766
v -0.058833 0.671297 -0.168498
v -0.068407 0.387792 -0.112976
v -0.059072 0.671457 -0.167708
v -0.068810 0.387946 -0.112245
v -0.059476 0.671611 -0.166976
v -0.069360 0.388089 -0.111600
v -0.060026 0.671754 -0.166332
v -0.070038 0.388214 -0.111067
v -0.060704 0.671879 -0.165799
v -0.070815 0.388317 -0.110666
v -0.061481 0.671982 -0.165398
v -0.071664 0.388394 -0.110413
v -0.062330 0.672059 -0.165145
v -0.072550 0.388441 -0.110317
v -0.063216 0.672106 -0.165049
v -0.073440 0.388458 -0.110382
v -0.064106 0.672123 -0.165114
v -0.074300 0.388443 -0.110605
v -0.064966 0.672108 -0.165337
v -0.075097 0.388398 -0.110979
v -0.065763 0.672062 -0.165710
v -0.075800 0.388322 -0.111487
v -0.066465 0.671987 -0.166219
v -0.076381 0.388221 -0.112112
v -0.067047 0.671886 -0.166844
v -0.076820 0.388097 -0.112829
v -0.067486 0.671762 -0.167560
v -0.077098 0.387956 -0.113610
v -0.067764 0.671621 -0.168342
v -0.077206 0.387802 -0.114425
v -0.067872 0.671467 -0.169157
v -0.077138 0.387642 -0.115244
v -0.067804 0.671307 -0.169976
v -0.076898 0.387481 -0.116034
v -0.067564 0.671146 -0.170766
v -0.076495 0.387327 -0.116765
v -0.067161 0.670992 -0.171497
v -0.075944 0.387185 -0.117410
v -0.066610 0.670850 -0.172142
v -0.075267 0.387059 -0.117943
v -0.065933 0.670724 -0.172675
v -0.074490 0.386956 -0.118344
v -0.065155 0.670621 -0.173075
v -0.073641 0.386880 -0.118597
v -0.064307 0.670545 -0.173329
v -0.251425 0.371905 -0.118693
v -0.242091 0.655570 -0.173425
v -0.250535 0.371888 -0.118628
v -0.241201 0.655553 -0.173360
v -0.249675 0.371903 -0.118405
v -0.240341 0.655568 -0.173136
v -0.248878 0.371949 -0.118031
v -0.239544 0.655614 -0.172763
v -0.248175 0.372024 -0.117523
v -0.238841 0.655689 -0.172254
v -0.247594 0.372125 -0.116898
v -0.238260 0.655790 -0.171630
v -0.247155 0.372249 -0.116181
v -0.237821 0.655914 -0.170913
v -0.246877 0.372390 -0.115400
v -0.237543 0.656055 -0.170132
v -0.246769 0.372544 -0.114585
v -0.237435 0.656209 -0.169316
v -0.246837 0.372704 -0.113766
v -0.237503 0.656369 -0.168498
v -0.247077 0.372865 -0.112976
v -0.237743 0.656530 -0.167708
v -0.247480 0.373019 -0.112245
v -0.238146 0.656684 -0.166976
v -0.248031 0.373162 -0.111600
v -0.238696 0.656827 -0.166332
v -0.248708 0.373287 -0.111067
v -0.239374 0.656952 -0.165799
v -0.249485 0.373390 -0.110666
v -0.240151 0.657055 -0.165398
v -0.250334 0.373466 -0.110413
v -0.241000 0.657131 -0.165145
v -0.251220 0.373514 -0.110317
v -0.241886 0.657179 -0.165049
v -0.252110 0.373531 -0.110382
v -0.242776 0.657196 -0.165114
v -0.252970 0.373516 -0.110605
v -0.243636 0.657181 -0.165337
v -0.253767 0.373470 -0.110979
v -0.244433 0.657135 -0.165710
v -0.254470 0.373395 -0.111487
v -0.245136 0.657060 -0.166219
v -0.255051 0.373294 -0.112112
v -0.245717 0.656959 -0.166844
v -0.255490 0.373170 -0.112829
v -0.246156 0.656835 -0.167560
v -0.255768 0.373028 -0.113610
v -0.246434 0.656693 -0.168342
v -0.255876 0.372875 -0.114425
v -0.246542 0.656540 -0.169157
v -0.255808 0.372715 -0.115244
v -0.246474 0.656379 -0.169976
v -0.255568 0.372554 -0.116034
v -0.246234 0.656219 -0.170766
v -0.255165 0.372400 -0.116765
v -0.245831 0.656065 -0.171497
v -0.254615 0.372257 -0.117410
v -0.245281 0.655922 -0.172142
v -0.253937 0.372132 -0.117943
v -0.244603 0.655797 -0.172675
v -0.253160 0.372029 -0.118344
v -0.243826 0.655694 -0.173075
v -0.252311 0.371953 -0.118597
v -0.242977 0.655617 -0.173329
v -0.210327 0.515810 -0.135605
v -0.197216 0.583320 -0.125667
v -0.210327 0.515810 0.039662
v -0.197314 0.584773 0.026796
v -0.191072 0.512300 -0.138398
v -0.178717 0.583322 -0.130844
v -0.191072 0.512300 0.042466
v -0.178814 0.584776 0.033067
v -0.182072 0.593764 -0.047972
v -0.237053 0.515101 -0.047972
v -0.217798 0.511592 -0.047972
v -0.199860 0.590456 -0.047972
v -0.217798 0.511592 -0.091788
v -0.199860 0.590456 -0.091788
v -0.182072 0.593764 -0.091788
v -0.237053 0.515101 -0.091788
v -0.182072 0.593764 -0.004170
v -0.237053 0.515101 -0.004170
v -0.217798 0.511592 -0.004170
v -0.199860 0.590456 -0.004170
v -0.202889 0.556619 -0.135605
v -0.183634 0.553110 0.042466
v -0.202889 0.556619 0.039662
v -0.183634 0.553110 -0.138398
v -0.229615 0.555911 -0.047972
v -0.210360 0.552402 -0.047972
v -0.229615 0.555911 -0.091788
v -0.210360 0.552402 -0.091788
v -0.210360 0.552402 -0.004170
v -0.229615 0.555911 -0.004170
v -0.199170 0.577024 -0.130428
v -0.199170 0.577024 0.033392
v -0.179915 0.573515 -0.135605
v -0.215306 0.575643 -0.047972
v -0.206641 0.572806 -0.047972
v -0.215306 0.575643 -0.091788
v -0.206641 0.572806 -0.091788
v -0.206641 0.572806 -0.004170
v -0.215306 0.575643 -0.004170
v -0.179915 0.573515 0.039662
v -0.217798 0.511592 -0.113697
v -0.193228 0.587100 -0.113697
v -0.176196 0.593920 -0.113697
v -0.237053 0.515101 -0.113697
v -0.229615 0.555911 -0.113697
v -0.210360 0.552402 -0.113697
v -0.206641 0.572806 -0.113697
v -0.215306 0.575643 -0.113697
v -0.176196 0.593920 0.015925
v -0.237053 0.515101 0.015925
v -0.217798 0.511592 0.015925
v -0.193228 0.587100 0.015925
v -0.210360 0.552402 0.015925
v -0.229615 0.555911 0.015925
v -0.215306 0.575643 0.015925
v -0.206641 0.572806 0.015925
v -0.217798 0.511592 -0.026071
v -0.199860 0.590456 -0.026071
v -0.182072 0.593764 -0.026071
v -0.237053 0.515101 -0.026071
v -0.229615 0.555911 -0.026071
v -0.210360 0.552402 -0.026071
v -0.206641 0.572806 -0.026071
v -0.215306 0.575643 -0.026071
v -0.182072 0.593764 -0.069880
v -0.237053 0.515101 -0.069880
v -0.217798 0.511592 -0.069880
v -0.199860 0.590456 -0.069880
v -0.210360 0.552402 -0.069880
v -0.229615 0.555911 -0.069880
v -0.215306 0.575643 -0.069880
v -0.206641 0.572806 -0.069880
v -0.284177 0.691323 -0.659104
v -0.284638 0.658590 -0.659104
v -0.284177 0.691323 0.559654
v -0.284638 0.658590 0.559654
v -0.026275 0.688792 -0.659104
v -0.026736 0.656058 -0.659104
v -0.026275 0.688792 0.559654
v -0.026736 0.656058 0.559654
v -0.006283 0.654627 -0.047972
v -0.302092 0.691532 -0.047972
v -0.005822 0.687360 -0.047972
v -0.302553 0.658799 -0.047972
v -0.005822 0.687360 -0.371065
v -0.302553 0.658799 -0.371065
v -0.006283 0.654627 -0.371065
v -0.302092 0.691532 -0.371065
v -0.006283 0.654627 0.274864
v -0.302092 0.691532 0.274864
v -0.005822 0.687360 0.274864
v -0.302553 0.658799 0.274864
v -0.154418 0.656713 -0.693643
v -0.153957 0.689446 0.597700
v -0.154418 0.656713 0.597700
v -0.153957 0.689446 -0.693643
v -0.154418 0.656713 -0.047972
v -0.153957 0.689446 -0.047972
v -0.153957 0.689446 -0.371065
v -0.154418 0.656713 -0.371065
v -0.154418 0.656713 0.274864
v -0.153957 0.689446 0.274864
v -0.006283 0.654627 0.436282
v -0.302092 0.691532 0.436282
v -0.005822 0.687360 0.436282
v -0.302553 0.658799 0.436282
v -0.154418 0.656713 0.436282
v -0.153957 0.689446 0.436282
v -0.006283 0.654627 0.516991
v -0.302092 0.691532 0.516991
v -0.154418 0.656713 0.516991
v -0.153957 0.689446 0.516991
v -0.005822 0.687360 0.516991
v -0.302553 0.658799 0.516991
v -0.005822 0.687360 -0.532354
v -0.302553 0.658799 -0.532354
v -0.006283 0.654627 -0.532354
v -0.302092 0.691532 -0.532354
v -0.154418 0.656713 -0.532354
v -0.153957 0.689446 -0.532354
v -0.005822 0.687360 -0.612999
v -0.302553 0.658799 -0.612999
v -0.006283 0.654627 -0.612999
v -0.302092 0.691532 -0.612999
v -0.154418 0.656713 -0.612999
v -0.153957 0.689446 -0.612999
v -0.228485 0.657756 0.597700
v -0.228024 0.690489 -0.693643
v -0.228024 0.690489 -0.047972
v -0.228024 0.690489 -0.371065
v -0.228024 0.690489 0.274864
v -0.228485 0.657756 -0.693643
v -0.228024 0.690489 0.597700
v -0.228485 0.657756 -0.047972
v -0.228485 0.657756 -0.371065
v -0.228485 0.657756 0.274864
v -0.228024 0.690489 0.436282
v -0.228485 0.657756 0.436282
v -0.228024 0.690489 0.516991
v -0.228485 0.657756 0.516991
v -0.228024 0.690489 -0.532354
v -0.228485 0.657756 -0.532354
v -0.228485 0.657756 -0.612999
v -0.228024 0.690489 -0.612999
v -0.080351 0.655670 -0.693643
v -0.079890 0.688403 0.597700
v -0.080351 0.655670 -0.047972
v -0.080351 0.655670 -0.371065
v -0.080351 0.655670 0.274864
v -0.080351 0.655670 0.597700
v -0.079890 0.688403 -0.693643
v -0.079890 0.688403 -0.047972
v -0.079890 0.688403 -0.371065
v -0.079890 0.688403 0.274864
v -0.080351 0.655670 0.436282
v -0.079890 0.688403 0.436282
v -0.080351 0.655670 0.516991
v -0.079890 0.688403 0.516991
v -0.080351 0.655670 -0.532354
v -0.079890 0.688403 -0.532354
v -0.079890 0.688403 -0.612999
v -0.080351 0.655670 -0.612999
v -0.005822 0.687360 0.355573
v -0.302553 0.658799 0.355573
v -0.006283 0.654627 0.355573
v -0.302092 0.691532 0.355573
v -0.154418 0.656713 0.355573
v -0.153957 0.689446 0.355573
v -0.228485 0.657756 0.355573
v -0.228024 0.690489 0.355573
v -0.079890 0.688403 0.355573
v -0.080351 0.655670 0.355573
v -0.006283 0.654627 -0.451709
v -0.302092 0.691532 -0.451709
v -0.154418 0.656713 -0.451709
v -0.153957 0.689446 -0.451709
v -0.005822 0.687360 -0.451709
v -0.302553 0.658799 -0.451709
v -0.228024 0.690489 -0.451709
v -0.228485 0.657756 -0.451709
v -0.080351 0.655670 -0.451709
v -0.079890 0.688403 -0.451709
v -0.239267 0.437510 -0.052908
v -0.449267 0.454668 -0.052908
v -0.239350 0.436492 -0.052802
v -0.449350 0.453650 -0.052802
v -0.239430 0.435513 -0.052486
v -0.449430 0.452671 -0.052486
v -0.239504 0.434611 -0.051974
v -0.449504 0.451769 -0.051974
v -0.239569 0.433820 -0.051284
v -0.449569 0.450978 -0.051284
v -0.239622 0.433171 -0.050444
v -0.449622 0.450329 -0.050444
v -0.239661 0.432689 -0.049486
v -0.449661 0.449847 -0.049486
v -0.239685 0.432392 -0.048445
v -0.449685 0.449550 -0.048445
v -0.239694 0.432292 -0.047364
v -0.449693 0.449450 -0.047364
v -0.239685 0.432392 -0.046282
v -0.449685 0.449550 -0.046282
v -0.239661 0.432689 -0.045242
v -0.449661 0.449847 -0.045242
v -0.239622 0.433171 -0.044283
v -0.449622 0.450329 -0.044283
v -0.239569 0.433820 -0.043443
v -0.449569 0.450978 -0.043443
v -0.239504 0.434611 -0.042753
v -0.449504 0.451769 -0.042753
v -0.239430 0.435513 -0.042241
v -0.449430 0.452671 -0.042241
v -0.239350 0.436492 -0.041926
v -0.449350 0.453650 -0.041926
v -0.239267 0.437510 -0.041819
v -0.449267 0.454668 -0.041819
v -0.239184 0.438528 -0.041926
v -0.449184 0.455686 -0.041925
v -0.239104 0.439507 -0.042241
v -0.449104 0.456665 -0.042241
v -0.239030 0.440409 -0.042753
v -0.449030 0.457567 -0.042753
v -0.238966 0.441200 -0.043443
v -0.448966 0.458358 -0.043443
v -0.238913 0.441849 -0.044283
v -0.448913 0.459007 -0.044283
v -0.238873 0.442331 -0.045242
v -0.448873 0.459489 -0.045242
v -0.238849 0.442628 -0.046282
v -0.448849 0.459786 -0.046282
v -0.238841 0.442728 -0.047364
v -0.448841 0.459886 -0.047364
v -0.238849 0.442628 -0.048445
v -0.448849 0.459786 -0.048445
v -0.238873 0.442331 -0.049486
v -0.448873 0.459489 -0.049486
v -0.238913 0.441849 -0.050444
v -0.448913 0.459007 -0.050444
v -0.238966 0.441200 -0.051284
v -0.448966 0.458358 -0.051284
v -0.239030 0.440409 -0.051974
v -0.449030 0.457567 -0.051974
v -0.239104 0.439507 -0.052486
v -0.449104 0.456665 -0.052486
v -0.239184 0.438528 -0.052802
v -0.449184 0.455686 -0.052802
v -0.447300 0.454787 -0.052908
v -0.438562 0.454073 -0.052908
v -0.447373 0.453888 -0.052802
v -0.438636 0.453174 -0.052802
v -0.447444 0.453024 -0.052486
v -0.438706 0.452310 -0.052486
v -0.447509 0.452228 -0.051974
v -0.438771 0.451514 -0.051974
v -0.447566 0.451530 -0.051284
v -0.438828 0.450816 -0.051284
v -0.447613 0.450957 -0.050444
v -0.438875 0.450243 -0.050444
v -0.447647 0.450531 -0.049486
v -0.438910 0.449818 -0.049486
v -0.447669 0.450269 -0.048445
v -0.438931 0.449555 -0.048445
v -0.447676 0.450181 -0.047364
v -0.438939 0.449467 -0.047364
v -0.447669 0.450269 -0.046282
v -0.438931 0.449555 -0.046282
v -0.447647 0.450531 -0.045242
v -0.438910 0.449818 -0.045242
v -0.447613 0.450957 -0.044283
v -0.438875 0.450243 -0.044283
v -0.447566 0.451530 -0.043443
v -0.438828 0.450816 -0.043443
v -0.447509 0.452228 -0.042753
v -0.438771 0.451514 -0.042753
v -0.447444 0.453024 -0.042241
v -0.438706 0.452310 -0.042241
v -0.447373 0.453888 -0.041926
v -0.438636 0.453174 -0.041926
v -0.447300 0.454787 -0.041819
v -0.438562 0.454073 -0.041819
v -0.447226 0.455686 -0.041926
v -0.438489 0.454972 -0.041926
v -0.447156 0.456550 -0.042241
v -0.438418 0.455836 -0.042241
v -0.447091 0.457346 -0.042753
v -0.438353 0.456632 -0.042753
v -0.447034 0.458044 -0.043443
v -0.438296 0.457330 -0.043443
v -0.446987 0.458617 -0.044283
v -0.438249 0.457903 -0.044283
v -0.446952 0.459043 -0.045242
v -0.438215 0.458329 -0.045242
v -0.446931 0.459305 -0.046282
v -0.438193 0.458591 -0.046282
v -0.446923 0.459393 -0.047364
v -0.438186 0.458679 -0.047364
v -0.446931 0.459305 -0.048445
v -0.438193 0.458591 -0.048445
v -0.446952 0.459043 -0.049486
v -0.438215 0.458329 -0.049486
v -0.446987 0.458617 -0.050444
v -0.438249 0.457903 -0.050444
v -0.447034 0.458044 -0.051284
v -0.438296 0.457330 -0.051284
v -0.447091 0.457346 -0.051974
v -0.438353 0.456632 -0.051974
v -0.447156 0.456550 -0.052486
v -0.438418 0.455836 -0.052486
v -0.447226 0.455686 -0.052802
v -0.438489 0.454972 -0.052802
v -0.444311 0.455172 -0.052908
v -0.441552 0.453688 -0.052908
v -0.440943 0.423272 -0.052802
v -0.438184 0.421788 -0.052802
v -0.437705 0.392598 -0.052486
v -0.434945 0.391113 -0.052486
v -0.434720 0.364328 -0.051974
v -0.431961 0.362843 -0.051974
v -0.432104 0.339549 -0.051284
v -0.429345 0.338065 -0.051284
v -0.429957 0.319214 -0.050444
v -0.427198 0.317730 -0.050444
v -0.428362 0.304104 -0.049486
v -0.425603 0.302619 -0.049486
v -0.427380 0.294799 -0.048445
v -0.424621 0.293314 -0.048445
v -0.427048 0.291657 -0.047364
v -0.424289 0.290172 -0.047364
v -0.427380 0.294799 -0.046282
v -0.424621 0.293314 -0.046282
v -0.428362 0.304104 -0.045242
v -0.425603 0.302619 -0.045242
v -0.429958 0.319214 -0.044283
v -0.427198 0.317730 -0.044283
v -0.432104 0.339549 -0.043443
v -0.429345 0.338065 -0.043443
v -0.434720 0.364328 -0.042753
v -0.431961 0.362843 -0.042753
v -0.437705 0.392598 -0.042241
v -0.434945 0.391113 -0.042241
v -0.440943 0.423272 -0.041926
v -0.438184 0.421788 -0.041926
v -0.444311 0.455172 -0.041819
v -0.441552 0.453688 -0.041819
v -0.447678 0.487073 -0.041926
v -0.444919 0.485588 -0.041926
v -0.450917 0.517747 -0.042241
v -0.448158 0.516263 -0.042241
v -0.453901 0.546017 -0.042753
v -0.451142 0.544532 -0.042753
v -0.456517 0.570795 -0.043443
v -0.453758 0.569311 -0.043443
v -0.458664 0.591131 -0.044283
v -0.455905 0.589646 -0.044283
v -0.460259 0.606241 -0.045242
v -0.457500 0.604757 -0.045242
v -0.461241 0.615546 -0.046282
v -0.458482 0.614062 -0.046282
v -0.461573 0.618688 -0.047364
v -0.458814 0.617204 -0.047364
v -0.461241 0.615546 -0.048445
v -0.458482 0.614062 -0.048445
v -0.460259 0.606241 -0.049486
v -0.457500 0.604757 -0.049486
v -0.458664 0.591131 -0.050444
v -0.455905 0.589646 -0.050444
v -0.456517 0.570795 -0.051284
v -0.453758 0.569311 -0.051284
v -0.453901 0.546017 -0.051974
v -0.451142 0.544532 -0.051974
v -0.450917 0.517747 -0.052486
v -0.448158 0.516263 -0.052486
v -0.447678 0.487073 -0.052802
v -0.444919 0.485588 -0.052802
v -0.444311 0.455172 -0.052908
v -0.441552 0.453688 -0.052908
v -0.440943 0.423272 -0.052802
v -0.438184 0.421788 -0.052802
v -0.437705 0.392598 -0.052486
v -0.434945 0.391113 -0.052486
v -0.434720 0.364328 -0.051974
v -0.431961 0.362843 -0.051974
v -0.432104 0.339549 -0.051284
v -0.429345 0.338065 -0.051284
v -0.429957 0.319214 -0.050444
v -0.427198 0.317730 -0.050444
v -0.428362 0.304104 -0.049486
v -0.425603 0.302619 -0.049486
v -0.427380 0.294799 -0.048445
v -0.424621 0.293314 -0.048445
v -0.427048 0.291657 -0.047364
v -0.424289 0.290172 -0.047364
v -0.427380 0.294799 -0.046282
v -0.424621 0.293314 -0.046282
v -0.428362 0.304104 -0.045242
v -0.425603 0.302619 -0.045242
v -0.429958 0.319214 -0.044283
v -0.427198 0.317730 -0.044283
v -0.432104 0.339549 -0.043443
v -0.429345 0.338065 -0.043443
v -0.434720 0.364328 -0.042753
v -0.431961 0.362843 -0.042753
v -0.437705 0.392598 -0.042241
v -0.434945 0.391113 -0.042241
v -0.440943 0.423272 -0.041926
v -0.438184 0.421788 -0.041926
v -0.444311 0.455172 -0.041819
v -0.441552 0.453688 -0.041819
v -0.447678 0.487073 -0.041926
v -0.444919 0.485588 -0.041926
v -0.450917 0.517747 -0.042241
v -0.448158 0.516263 -0.042241
v -0.453901 0.546017 -0.042753
v -0.451142 0.544532 -0.042753
v -0.456517 0.570795 -0.043443
v -0.453758 0.569311 -0.043443
v -0.458664 0.591131 -0.044283
v -0.455905 0.589646 -0.044283
v -0.460259 0.606241 -0.045242
v -0.457500 0.604757 -0.045242
v -0.461241 0.615546 -0.046282
v -0.458482 0.614062 -0.046282
v -0.461573 0.618688 -0.047364
v -0.458814 0.617204 -0.047364
v -0.461241 0.615546 -0.048445
v -0.458482 0.614062 -0.048445
v -0.460259 0.606241 -0.049486
v -0.457500 0.604757 -0.049486
v -0.458664 0.591131 -0.050444
v -0.455905 0.589646 -0.050444
v -0.456517 0.570795 -0.051284
v -0.453758 0.569311 -0.051284
v -0.453901 0.546017 -0.051974
v -0.451142 0.544532 -0.051974
v -0.450917 0.517747 -0.052486
v -0.448158 0.516263 -0.052486
v -0.447678 0.487073 -0.052802
v -0.444919 0.485588 -0.052802
v 0.000844 0.026769 -0.416109
v 0.000844 0.053971 -0.416109
v 0.070609 0.026769 -0.409238
v 0.070609 0.053971 -0.409238
v 0.137693 0.026769 -0.388888
v 0.137693 0.053971 -0.388888
v 0.199518 0.026769 -0.355842
v 0.199518 0.053971 -0.355842
v 0.253708 0.026769 -0.311369
v 0.253708 0.053971 -0.311369
v 0.298181 0.026769 -0.257179
v 0.298181 0.053971 -0.257179
v 0.331227 0.026769 -0.195354
v 0.331227 0.053971 -0.195354
v 0.351577 0.026769 -0.128270
v 0.351577 0.053971 -0.128270
v 0.358448 0.026769 -0.058505
v 0.358448 0.053971 -0.058505
v 0.351577 0.026769 0.011260
v 0.351577 0.053971 0.011260
v 0.331227 0.026769 0.078344
v 0.331227 0.053971 0.078344
v 0.298181 0.026769 0.140169
v 0.298181 0.053971 0.140169
v 0.253708 0.026769 0.194359
v 0.253708 0.053971 0.194359
v 0.199518 0.026769 0.238832
v 0.199518 0.053971 0.238832
v 0.137693 0.026769 0.271878
v 0.137693 0.053971 0.271878
v 0.070609 0.026769 0.292228
v 0.070609 0.053971 0.292228
v 0.000844 0.026769 0.299099
v 0.000844 0.053971 0.299099
v -0.068921 0.026769 0.292228
v -0.068921 0.053971 0.292228
v -0.136005 0.026769 0.271878
v -0.136005 0.053971 0.271878
v -0.197830 0.026769 0.238832
v -0.197830 0.053971 0.238832
v -0.252020 0.026769 0.194359
v -0.252020 0.053971 0.194359
v -0.296493 0.026769 0.140169
v -0.296493 0.053971 0.140169
v -0.329539 0.026769 0.078344
v -0.329539 0.053971 0.078344
v -0.349889 0.026769 0.011260
v -0.349889 0.053971 0.011260
v -0.356760 0.026769 -0.058505
v -0.356760 0.053971 -0.058505
v -0.349889 0.026769 -0.128270
v -0.349889 0.053971 -0.128270
v -0.329539 0.026769 -0.195354
v -0.329539 0.053971 -0.195354
v -0.296493 0.026769 -0.257179
v -0.296493 0.053971 -0.257179
v -0.252020 0.026769 -0.311369
v -0.252020 0.053971 -0.311369
v -0.197830 0.026769 -0.355842
v -0.197830 0.053971 -0.355842
v -0.136005 0.026769 -0.388888
v -0.136005 0.053971 -0.388888
v -0.068921 0.026769 -0.409238
v -0.068921 0.053971 -0.409238
vn -0.0000 -0.4490 -0.8935
vn -0.0000 0.4490 -0.8935
vn 0.1743 0.4490 -0.8764
vn 0.1743 -0.4490 -0.8764
vn 0.3419 0.4490 -0.8255
vn 0.3419 -0.4490 -0.8255
vn 0.4964 0.4490 -0.7430
vn 0.4964 -0.4490 -0.7430
vn 0.6318 0.4490 -0.6318
vn 0.6318 -0.4490 -0.6318
vn 0.7430 0.4490 -0.4964
vn 0.7429 -0.4490 -0.4964
vn 0.8255 0.4490 -0.3419
vn 0.8255 -0.4490 -0.3420
vn 0.8764 0.4490 -0.1743
vn 0.8764 -0.4490 -0.1743
vn 0.8935 0.4490 -0.0000
vn 0.8935 -0.4490 -0.0000
vn 0.8764 0.4490 0.1743
vn 0.8764 -0.4490 0.1743
vn 0.8255 0.4490 0.3419
vn 0.8255 -0.4490 0.3419
vn 0.7430 0.4490 0.4964
vn 0.7430 -0.4490 0.4964
vn 0.6318 0.4490 0.6318
vn 0.6318 -0.4490 0.6318
vn 0.4964 0.4490 0.7430
vn 0.4964 -0.4490 0.7429
vn 0.3419 0.4490 0.8255
vn 0.3420 -0.4490 0.8255
vn 0.1743 0.4490 0.8764
vn 0.1743 -0.4490 0.8764
vn -0.0000 0.4490 0.8935
vn -0.0000 -0.4490 0.8935
vn -0.1743 0.4490 0.8764
vn -0.1743 -0.4490 0.8764
vn -0.3419 0.4490 0.8255
vn -0.3419 -0.4490 0.8255
vn -0.4964 0.4490 0.7430
vn -0.4964 -0.4490 0.7430
vn -0.6318 0.4490 0.6318
vn -0.6318 -0.4490 0.6318
vn -0.7430 0.4490 0.4964
vn -0.7429 -0.4490 0.4964
vn -0.8255 0.4490 0.3419
vn -0.8255 -0.4490 0.3420
vn -0.8764 0.4490 0.1743
vn -0.8764 -0.4490 0.1743
vn -0.8935 0.4490 -0.0000
vn -0.8935 -0.4490 -0.0000
vn -0.8764 0.4490 -0.1743
vn -0.8764 -0.4490 -0.1743
vn -0.8255 0.4490 -0.3419
vn -0.8255 -0.4490 -0.3419
vn -0.7430 0.4490 -0.4964
vn -0.7430 -0.4490 -0.4964
vn -0.6318 0.4490 -0.6318
vn -0.6318 -0.4490 -0.6318
vn -0.4964 0.4490 -0.7430
vn -0.4964 -0.4490 -0.7429
vn -0.3419 0.4490 -0.8255
vn -0.3420 -0.4490 -0.8255
vn -0.1743 0.4490 -0.8764
vn -0.1743 -0.4490 -0.8764
vn -0.4601 -0.8878 0.0070
vn 0.1253 -0.9921 -0.0122
vn 0.1706 -0.9259 0.3372
vn -0.4616 -0.8871 -0.0006
vn 0.1666 -0.9244 0.3431
vn -0.4637 -0.8860 0.0049
vn 0.1616 -0.9226 0.3504
vn -0.4661 -0.8847 0.0113
vn 0.1548 -0.9199 0.3602
vn -0.4690 -0.8830 0.0196
vn 0.1434 -0.9156 0.3757
vn -0.4730 -0.8805 0.0318
vn 0.1186 -0.9054 0.4077
vn -0.4793 -0.8760 0.0543
vn 0.0038 -0.8425 0.5387
vn -0.4924 -0.8607 0.1294
vn 0.2433 0.9613 0.1290
vn -0.1162 -0.9410 0.3178
vn 0.3604 0.9087 0.2107
vn -0.1595 0.9481 0.2751
vn 0.4261 0.9020 0.0688
vn -0.1492 0.9826 0.1103
vn 0.4413 0.8966 0.0364
vn -0.1422 0.9873 0.0705
vn 0.4482 0.8937 0.0210
vn -0.1373 0.9892 0.0512
vn 0.4524 0.8917 0.0113
vn -0.1337 0.9903 0.0390
vn 0.4555 0.8902 0.0042
vn -0.1306 0.9910 0.0298
vn 0.4579 0.8890 -0.0017
vn -0.1279 0.9915 0.0222
vn 0.4601 0.8878 -0.0070
vn -0.1252 0.9920 0.0154
vn 0.4622 0.8867 -0.0123
vn -0.1223 0.9925 0.0087
vn 0.4643 0.8855 -0.0178
vn -0.1191 0.9929 0.0015
vn 0.4667 0.8841 -0.0242
vn -0.1149 0.9933 -0.0069
vn 0.4697 0.8822 -0.0325
vn -0.1092 0.9939 -0.0176
vn 0.4738 0.8795 -0.0447
vn -0.0995 0.9945 -0.0338
vn 0.4802 0.8746 -0.0673
vn -0.0781 0.9949 -0.0640
vn 0.4937 0.8579 -0.1425
vn 0.0214 0.9858 -0.1663
vn 0.3316 0.9402 -0.0775
vn -0.7854 -0.6174 0.0441
vn 0.2326 -0.9539 0.1894
vn -0.3604 -0.9063 -0.2208
vn 0.2074 -0.9404 0.2696
vn -0.4258 -0.9012 -0.0814
vn 0.1964 -0.9357 0.2931
vn -0.4408 -0.8962 -0.0492
vn 0.1897 -0.9331 0.3056
vn -0.4477 -0.8935 -0.0338
vn 0.1849 -0.9312 0.3142
vn -0.4519 -0.8917 -0.0242
vn 0.1809 -0.9298 0.3207
vn -0.4549 -0.8904 -0.0170
vn 0.1279 -0.9915 -0.0222
vn -0.4574 -0.8892 -0.0112
vn -0.0889 0.9524 0.2916
vn -0.6000 0.7530 0.2702
vn -0.4253 0.6392 0.6407
vn -0.0824 0.6972 0.7121
vn -0.1044 0.2919 0.9507
vn -0.5459 0.3606 0.7563
vn -0.9394 0.2676 -0.2144
vn -0.6001 0.7529 -0.2703
vn -0.4257 0.6412 -0.6384
vn -0.5777 0.3775 -0.7237
vn 0.0809 -0.9572 0.2779
vn 0.3108 -0.8296 0.4638
vn 0.2374 -0.6259 0.7429
vn 0.1282 -0.6990 0.7035
vn 0.7456 -0.1316 0.6533
vn 0.1358 0.6917 0.7093
vn 0.2918 0.2075 0.9337
vn 0.2923 0.0412 0.9554
vn 0.3998 -0.0674 -0.9141
vn 0.1224 0.5871 -0.8002
vn 0.2964 0.2095 -0.9318
vn 0.3236 -0.0438 -0.9452
vn 0.7840 -0.1372 -0.6054
vn 0.3097 0.6255 -0.7161
vn 0.7867 0.6129 0.0737
vn 0.9703 -0.2292 0.0781
vn 0.0859 -0.9538 -0.2878
vn 0.3189 -0.8471 -0.4251
vn 0.3198 -0.9474 -0.0146
vn 0.0844 -0.9964 -0.0012
vn -0.9396 0.2672 0.2140
vn -0.6320 0.7750 -0.0020
vn -0.9802 0.1978 -0.0002
vn -0.0905 0.9527 -0.2900
vn -0.0987 0.9951 -0.0026
vn -0.9635 -0.1984 0.1798
vn -0.9845 0.0220 0.1738
vn -0.9999 0.0142 0.0001
vn -0.9878 -0.1555 -0.0000
vn 0.5989 -0.5995 -0.5311
vn 0.7423 -0.4117 -0.5287
vn 0.9157 -0.3993 0.0443
vn 0.7000 -0.7141 0.0067
vn 0.2394 -0.3200 -0.9167
vn 0.2071 0.1033 -0.9728
vn 0.4364 -0.1912 -0.8792
vn 0.3620 -0.4264 -0.8290
vn 0.5790 -0.5981 0.5542
vn 0.6734 -0.4466 0.5891
vn 0.4018 -0.1529 0.9029
vn 0.3526 -0.3918 0.8498
vn -0.9635 -0.1984 -0.1798
vn -0.9845 0.0218 -0.1740
vn -0.7104 0.0464 -0.7023
vn -0.6020 -0.3196 -0.7317
vn -0.1048 -0.1983 0.9745
vn -0.1137 0.0411 0.9927
vn -0.7103 0.0462 0.7024
vn -0.5753 -0.3012 0.7605
vn -0.1266 -0.6934 0.7094
vn -0.5095 -0.6012 0.6156
vn -0.6521 -0.7309 -0.2015
vn -0.5097 -0.6016 -0.6150
vn 0.1340 -0.7023 -0.6991
vn 0.2504 -0.6485 -0.7188
vn -0.6520 -0.7309 0.2017
vn -0.6679 -0.7442 -0.0000
vn -0.0859 0.7005 -0.7084
vn 0.1028 -0.6985 -0.7082
vn 0.0721 -0.7104 -0.7001
vn 0.0372 -0.9597 -0.2785
vn 0.0480 -0.9756 -0.2141
vn 0.0920 0.6196 -0.7795
vn 0.0363 0.6878 -0.7250
vn -0.0010 0.9622 -0.2722
vn 0.0380 0.9527 -0.3015
vn 0.0118 0.9999 0.0096
vn -0.0210 0.9998 0.0051
vn 0.0005 0.9562 0.2927
vn 0.0364 0.9455 0.3237
vn 0.0137 -0.9999 -0.0002
vn 0.0172 -0.9999 -0.0007
vn 0.0339 -0.9601 0.2777
vn 0.0467 -0.9757 0.2141
vn 0.0669 -0.1033 -0.9924
vn 0.0672 -0.3075 -0.9492
vn 0.0700 -0.7139 0.6967
vn 0.1023 -0.3073 0.9461
vn 0.0633 -0.2461 0.9672
vn 0.0661 -0.7102 0.7009
vn 0.0278 0.0672 0.9974
vn 0.1006 0.1252 0.9870
vn 0.1137 0.2819 0.9527
vn 0.0406 -0.1017 0.9940
vn 0.0239 -0.1190 -0.9926
vn 0.0035 0.2518 -0.9678
vn 0.0399 0.2588 -0.9651
vn 0.0525 -0.0333 -0.9981
vn -0.1658 0.8285 -0.5349
vn 0.0981 -0.6962 0.7111
vn 0.0859 0.6134 0.7850
vn 0.0345 0.6836 0.7290
vn -0.0454 -0.9860 0.1604
vn -0.0290 -0.9914 0.1275
vn -0.0375 -0.6543 0.7553
vn -0.0703 -0.6665 0.7422
vn -0.0287 0.2731 -0.9615
vn 0.1919 0.8148 -0.5471
vn 0.2160 0.9763 -0.0102
vn -0.0132 0.2637 -0.9645
vn -0.0455 -0.9860 -0.1601
vn -0.0290 -0.9915 -0.1272
vn -0.0197 -0.9998 -0.0000
vn -0.0253 -0.9997 -0.0000
vn -0.0295 -0.1178 -0.9926
vn -0.0106 0.0021 -0.9999
vn -0.0044 -0.0005 -1.0000
vn -0.0175 -0.0796 -0.9967
vn -0.0737 -0.6669 -0.7415
vn -0.0373 -0.6549 -0.7548
vn -0.0048 0.9993 0.0363
vn 0.5212 0.7224 0.4543
vn -0.0331 0.8356 0.5484
vn -0.0468 0.9989 -0.0005
vn 0.6334 0.7738 0.0071
vn 0.5268 0.7225 -0.4477
vn -0.0341 0.8357 -0.5481
vn -0.0092 -0.6559 0.7548
vn 0.0002 -0.0461 0.9989
vn -0.0115 -0.0738 0.9972
vn 0.0019 0.0055 1.0000
vn 0.0072 0.2616 0.9652
vn -0.0089 0.2681 0.9634
vn -0.0033 0.0086 1.0000
vn -0.0018 0.9991 -0.0427
vn 0.2259 0.9741 0.0112
vn -0.1278 -0.6943 -0.7082
vn -0.0403 -0.6877 -0.7248
vn -0.0301 -0.9800 -0.1968
vn -0.1255 -0.9700 -0.2080
vn -0.1260 -0.9920 -0.0000
vn -0.0198 -0.9998 -0.0000
vn -0.0301 -0.9799 0.1971
vn -0.1255 -0.9700 0.2084
vn -0.1084 -0.2016 -0.9734
vn -0.0173 -0.1594 -0.9871
vn -0.1168 0.0391 -0.9924
vn -0.1061 0.2926 -0.9503
vn -0.0116 0.2719 -0.9622
vn -0.0056 0.0190 -0.9998
vn -0.0129 0.6991 -0.7149
vn -0.0402 -0.6868 0.7258
vn -0.0019 0.9563 -0.2923
vn 0.5123 0.8584 -0.0264
vn 0.6610 0.7503 0.0068
vn 0.0050 1.0000 -0.0019
vn 0.0007 0.9551 0.2964
vn 0.5194 0.8535 0.0408
vn -0.0299 -0.1143 0.9930
vn -0.0163 -0.1570 0.9875
vn -0.0081 0.0122 0.9999
vn -0.0240 0.2730 0.9617
vn -0.0078 0.2726 0.9621
vn -0.0036 0.0236 0.9997
vn 0.1960 0.8094 0.5536
vn -0.0081 0.6950 0.7190
vn -0.3921 0.9189 0.0434
vn -0.3883 0.8201 -0.4203
vn -0.1928 0.9762 0.0991
vn -0.1679 0.8354 0.5234
vn 0.0328 0.1776 0.9836
vn 0.0129 0.2544 0.9670
vn -0.3917 0.9195 -0.0323
vn -0.3911 0.8231 0.4117
vn -0.4760 0.8794 -0.0103
vn -0.5050 0.8631 -0.0093
vn 0.0711 -0.1548 0.9854
vn 0.0339 0.0607 0.9976
vn 0.0181 0.0007 0.9998
vn 0.0328 -0.0586 0.9977
vn 0.0487 -0.6834 0.7284
vn -0.1992 0.9731 -0.1154
vn -0.0140 -0.9930 0.1175
vn 0.0160 -0.9899 0.1411
vn -0.0140 -0.9930 -0.1172
vn 0.0165 -0.9899 -0.1408
vn -0.0005 -1.0000 -0.0000
vn -0.0141 -0.9999 -0.0000
vn -0.0007 -0.0518 -0.9987
vn -0.0000 -0.0000 -1.0000
vn 0.0063 -0.0032 -1.0000
vn 0.0313 -0.0742 -0.9968
vn -0.0093 -0.6592 -0.7519
vn 0.0485 -0.6922 -0.7201
vn 0.0557 0.9198 0.3884
vn 0.1023 0.5625 0.8204
vn 0.3833 0.0007 0.9236
vn 0.0532 0.9336 -0.3544
vn 0.0117 0.9998 0.0150
vn 0.2448 -0.3062 0.9199
vn 0.1927 0.1201 0.9739
vn 0.0765 -0.7142 -0.6958
vn 0.0417 -0.9548 -0.2943
vn 0.0452 -0.9990 0.0015
vn 0.0373 -0.9564 0.2898
vn 0.1098 -0.2802 -0.9536
vn 0.1149 0.1762 -0.9776
vn 0.1182 -0.0643 -0.9909
vn 0.0109 0.9999 -0.0028
vn 0.0303 0.6984 0.7151
vn 0.3059 0.9162 0.2590
vn 0.7518 0.6591 0.0187
vn 0.3821 -0.7111 0.5902
vn 0.7847 -0.5682 0.2480
vn 0.6870 -0.6749 -0.2692
vn 0.3795 -0.5764 -0.7237
vn 0.2925 0.5563 -0.7778
vn 0.6955 0.6639 -0.2747
vn -0.0142 -0.9999 0.0001
vn -0.0327 -0.6992 0.7142
vn -0.3313 -0.8995 0.2847
vn -0.7488 -0.6625 0.0201
vn -0.4009 0.5682 0.7186
vn -0.6873 0.6806 0.2539
vn -0.4035 -0.6143 -0.6781
vn -0.8317 -0.5310 -0.1621
vn -0.7711 0.5824 -0.2574
vn -0.3560 0.6916 -0.6284
vn -0.7170 -0.6971 -0.0000
vn -0.6971 0.7170 -0.0000
vn 0.6971 -0.7170 -0.0000
vn 0.7170 0.6971 -0.0000
vn 0.0141 0.9999 -0.0000
vn 0.0237 -0.6203 -0.7840
vn -0.0100 -0.7070 -0.7071
vn 0.0100 0.7070 -0.7071
vn 0.0287 0.6865 -0.7265
vn -0.0109 -0.9999 0.0028
vn -0.0100 -0.7070 0.7071
vn 0.0100 0.7070 0.7071
vn -0.0157 0.6397 0.7685
vn 0.0142 0.9999 -0.0001
vn 0.7255 -0.6874 0.0333
vn 0.0142 0.9999 0.0001
vn -0.0110 -0.9999 -0.0027
vn -0.7520 -0.6588 -0.0199
vn -0.7255 0.6877 -0.0281
vn -0.0142 -0.9999 -0.0001
vn 0.0110 0.9999 0.0027
vn 0.4382 0.5784 0.6880
vn 0.7134 0.5646 0.4150
vn 0.7001 0.5808 -0.4155
vn 0.4385 0.5782 -0.6880
vn 0.6605 0.2354 -0.7130
vn 0.6565 0.2445 0.7136
vn 0.0159 -0.6994 0.7146
vn -0.2516 -0.1938 0.9482
vn -0.0911 -0.4970 -0.8629
vn 0.0159 -0.6994 -0.7145
vn -0.6082 0.3733 0.7005
vn -0.6833 0.6009 0.4147
vn -0.6861 0.5841 -0.4337
vn -0.6117 0.3781 -0.6949
vn 0.0260 -0.0173 0.9995
vn -0.4815 0.5250 0.7018
vn -0.0000 -0.0000 1.0000
vn -0.0062 0.0063 1.0000
vn -0.6461 0.2725 0.7130
vn -0.6712 0.2237 0.7067
vn -0.6624 0.2850 -0.6929
vn -0.6704 0.2248 -0.7071
vn 0.7070 -0.0100 -0.7071
vn 0.5659 0.0491 -0.8230
vn 0.5781 -0.0140 0.8158
vn 0.7070 -0.0100 0.7071
vn 0.0903 0.7218 0.6862
vn -0.1665 0.7281 0.6649
vn -0.3831 0.6145 -0.6896
vn -0.1665 0.7281 -0.6649
vn -0.3831 0.6145 0.6896
vn 0.2744 0.6809 0.6790
vn 0.0898 0.7219 -0.6862
vn 0.2744 0.6809 -0.6790
vn 0.0007 0.0202 0.9998
vn 0.0076 -0.0045 -1.0000
vn -0.0244 0.0195 -0.9995
vn -0.0008 -0.0199 -0.9998
vn -0.4423 0.5363 0.7189
vn -0.4697 0.5630 -0.6800
vn -0.4790 0.5193 -0.7077
vn 0.5821 -0.6011 -0.5476
vn 0.5833 -0.6000 0.5476
vn 0.0754 -0.7579 -0.6480
vn 0.0442 -0.2245 -0.9735
vn -0.4537 0.0169 -0.8910
vn 0.1894 -0.7410 -0.6442
vn -0.2895 0.0876 -0.9532
vn 0.3283 -0.7174 -0.6145
vn -0.0721 0.1675 -0.9832
vn 0.4607 -0.6869 -0.5621
vn 0.1834 0.2690 -0.9455
vn 0.5835 -0.6476 -0.4900
vn 0.4337 0.3904 -0.8121
vn 0.6974 -0.5918 -0.4042
vn 0.6127 0.5066 -0.6066
vn 0.8104 -0.4971 -0.3102
vn 0.7018 0.5912 -0.3974
vn 0.9188 -0.3430 -0.1956
vn 0.7330 0.6476 -0.2083
vn 0.9863 -0.1597 -0.0418
vn 0.7244 0.6887 -0.0310
vn 0.9901 0.0001 0.1406
vn 0.6800 0.7206 0.1354
vn 0.9375 0.1159 0.3281
vn 0.6032 0.7448 0.2854
vn 0.8421 0.1910 0.5045
vn 0.4989 0.7617 0.4136
vn 0.7141 0.2340 0.6598
vn 0.3730 0.7712 0.5158
vn 0.5611 0.2537 0.7879
vn 0.2318 0.7736 0.5898
vn 0.3895 0.2585 0.8840
vn 0.0806 0.7691 0.6340
vn 0.2051 0.2524 0.9456
vn -0.0754 0.7579 0.6480
vn 0.0140 0.2302 0.9730
vn -0.2313 0.7403 0.6313
vn -0.1788 0.1855 0.9662
vn -0.3824 0.7162 0.5837
vn -0.3665 0.1111 0.9238
vn -0.5241 0.6853 0.5056
vn -0.5385 -0.0009 0.8426
vn -0.6524 0.6457 0.3968
vn -0.6762 -0.1550 0.7202
vn -0.7659 0.5912 0.2526
vn -0.7548 -0.3357 0.5635
vn -0.8595 0.5084 0.0528
vn -0.7729 -0.4942 0.3980
vn -0.8945 0.3909 -0.2169
vn -0.7665 -0.5944 0.2433
vn -0.8243 0.2640 -0.5009
vn -0.7519 -0.6525 0.0940
vn -0.6707 0.1569 -0.7250
vn -0.7194 -0.6925 -0.0536
vn -0.4902 0.0729 -0.8685
vn -0.6627 -0.7232 -0.1947
vn -0.3284 -0.0033 -0.9445
vn -0.5819 -0.7463 -0.3231
vn -0.2266 -0.0933 -0.9695
vn -0.4802 -0.7624 -0.4338
vn -0.2498 -0.2066 -0.9460
vn -0.3622 -0.7714 -0.5232
vn -0.4282 -0.2563 -0.8666
vn -0.2321 -0.7736 -0.5897
vn -0.2052 -0.2523 -0.9456
vn -0.0943 -0.7692 -0.6321
vn 0.6127 0.5065 -0.6066
vn 0.8421 0.1909 0.5044
vn 0.2052 0.2524 0.9456
vn -0.2313 0.7403 0.6312
vn -0.4902 0.0729 -0.8686
vn -0.4803 -0.7624 -0.4338
vn -0.2051 -0.2523 -0.9456
vn 0.5153 0.0359 -0.8563
vn -0.0690 0.7480 -0.6602
vn 0.0575 0.7592 -0.6483
vn 0.1149 0.2189 -0.9690
vn 0.2109 0.7644 -0.6093
vn 0.3028 0.2296 -0.9250
vn 0.3554 0.7629 -0.5400
vn 0.4824 0.2288 -0.8456
vn 0.4854 0.7545 -0.4417
vn 0.6474 0.2137 -0.7316
vn 0.5946 0.7391 -0.3165
vn 0.7912 0.1763 -0.5856
vn 0.6770 0.7165 -0.1683
vn 0.9049 0.1080 -0.4117
vn 0.7272 0.6864 -0.0025
vn 0.9760 0.0004 -0.2176
vn 0.7416 0.6474 0.1756
vn 0.9886 -0.1496 -0.0192
vn 0.7163 0.5945 0.3652
vn 0.9327 -0.3246 0.1573
vn 0.6366 0.5169 0.5723
vn 0.8282 -0.4783 0.2920
vn 0.4745 0.4103 0.7788
vn 0.7136 -0.5779 0.3959
vn 0.2394 0.2949 0.9250
vn 0.5986 -0.6370 0.4857
vn -0.0110 0.1945 0.9808
vn 0.4763 -0.6772 0.5608
vn -0.2317 0.1133 0.9662
vn 0.3450 -0.7077 0.6166
vn -0.4034 0.0419 0.9141
vn 0.2068 -0.7312 0.6500
vn -0.5153 -0.0359 0.8563
vn 0.0648 -0.7485 0.6600
vn -0.5423 -0.1345 0.8293
vn -0.0775 -0.7596 0.6458
vn -0.4381 -0.2241 0.8706
vn -0.2167 -0.7644 0.6072
vn -0.2725 -0.1953 0.9421
vn -0.3489 -0.7629 0.5443
vn -0.2360 -0.0890 0.9677
vn -0.4699 -0.7547 0.4578
vn -0.3263 0.0032 0.9453
vn -0.5752 -0.7396 0.3495
vn -0.4809 0.0806 0.8731
vn -0.6600 -0.7175 0.2226
vn -0.6569 0.1629 0.7361
vn -0.7211 -0.6880 0.0821
vn -0.8105 0.2643 0.5227
vn -0.7576 -0.6493 -0.0657
vn -0.8893 0.3834 0.2493
vn -0.7747 -0.5945 -0.2152
vn -0.8678 0.4965 -0.0197
vn -0.7816 -0.5045 -0.3669
vn -0.7824 0.5796 -0.2279
vn -0.7697 -0.3635 -0.5249
vn -0.6723 0.6351 -0.3804
vn -0.7088 -0.1971 -0.6773
vn -0.5463 0.6751 -0.4958
vn -0.5925 -0.0483 -0.8041
vn -0.4063 0.7060 -0.5801
vn -0.4379 0.0646 -0.8967
vn -0.2068 0.7312 -0.6500
vn -0.2620 0.1425 -0.9545
vn 0.7163 0.5945 0.3653
vn -0.0111 0.1945 0.9808
vn -0.5423 -0.1346 0.8293
vn -0.8893 0.3835 0.2493
vn 0.0208 0.9998 -0.0067
vn -0.6152 0.7224 0.3159
vn -0.5985 0.4922 0.6320
vn -0.2705 0.7178 0.6416
vn -0.2830 -0.7000 0.6557
vn -0.6139 -0.4218 0.6673
vn -0.6375 -0.6946 -0.3333
vn -0.6139 0.7220 -0.3191
vn -0.5880 0.4928 -0.6414
vn -0.6252 -0.4205 -0.6574
vn -0.0015 -0.9999 0.0126
vn 0.6056 -0.7124 0.3546
vn 0.5751 -0.4671 0.6716
vn 0.2715 -0.7068 0.6533
vn 0.6142 0.7076 0.3495
vn 0.5982 0.4438 0.6672
vn 0.3147 -0.7049 -0.6357
vn 0.3175 0.7093 -0.6293
vn 0.6023 0.4461 -0.6620
vn 0.5820 -0.4659 -0.6665
vn 0.0156 0.9999 0.0015
vn -0.6779 0.7233 -0.1314
vn -0.0120 -0.9999 -0.0020
vn 0.6726 -0.7251 -0.1479
vn 0.6927 0.7048 -0.1527
vn -0.1256 -0.7111 -0.6918
vn -0.1352 0.7164 -0.6845
vn -0.0155 -0.9999 0.0014
vn -0.1071 -0.7103 0.6957
vn 0.1136 -0.7123 0.6926
vn 0.1058 0.7099 0.6963
vn 0.0121 0.9999 -0.0019
vn 0.0120 0.9999 0.0020
vn -0.0156 -0.9999 -0.0015
vn 0.6044 -0.7105 -0.3604
vn 0.6109 0.7070 -0.3564
vn 0.0009 -0.9999 -0.0146
vn 0.0212 0.9998 0.0069
vn -0.6971 -0.7034 -0.1387
vn -0.6989 -0.7027 0.1331
vn -0.6798 0.7227 0.1250
vn -0.6380 -0.6952 0.3310
vn 0.6968 0.7034 0.1406
vn 0.6766 -0.7237 0.1357
vn -0.0121 -0.9999 0.0019
vn 0.0155 0.9999 -0.0014
vn -0.0212 -0.9998 -0.0069
vn -0.0208 -0.9998 0.0067
vn -0.3206 -0.6983 -0.6400
vn -0.3012 0.7171 -0.6285
vn -0.1105 0.7117 0.6938
vn -0.0008 0.9999 0.0145
vn 0.0015 0.9999 -0.0126
vn 0.2696 0.7109 0.6496
vn 0.1377 0.7121 -0.6885
vn 0.1545 -0.7189 -0.6777
vn -0.3361 0.1356 -0.9320
vn 0.0107 0.7510 -0.6602
vn 0.1834 0.7414 -0.6455
vn 0.1590 0.1720 -0.9722
vn 0.3346 0.7260 -0.6008
vn 0.3461 0.1316 -0.9289
vn 0.4769 0.7044 -0.5257
vn 0.5232 0.0642 -0.8498
vn 0.6053 0.6760 -0.4204
vn 0.6789 -0.0375 -0.7333
vn 0.7147 0.6387 -0.2850
vn 0.7949 -0.1761 -0.5807
vn 0.8011 0.5872 -0.1158
vn 0.8500 -0.3376 -0.4043
vn 0.8536 0.5112 0.1005
vn 0.8454 -0.4824 -0.2293
vn 0.8376 0.4065 0.3650
vn 0.8122 -0.5792 -0.0699
vn 0.7248 0.2924 0.6238
vn 0.7664 -0.6375 0.0790
vn 0.5449 0.1922 0.8162
vn 0.7027 -0.6769 0.2192
vn 0.3515 0.1099 0.9297
vn 0.6177 -0.7062 0.3461
vn 0.1855 0.0343 0.9820
vn 0.5134 -0.7279 0.4544
vn 0.0815 -0.0508 0.9954
vn 0.3938 -0.7430 0.5412
vn 0.0859 -0.1483 0.9852
vn 0.2634 -0.7516 0.6047
vn 0.2173 -0.1971 0.9560
vn 0.1260 -0.7542 0.6445
vn 0.3361 -0.1356 0.9320
vn -0.0149 -0.7508 0.6604
vn 0.3305 -0.0402 0.9430
vn -0.1563 -0.7414 0.6526
vn 0.2284 0.0406 0.9727
vn -0.2951 -0.7261 0.6210
vn 0.0625 0.1126 0.9917
vn -0.4281 -0.7046 0.5660
vn -0.1490 0.1906 0.9703
vn -0.5516 -0.6760 0.4886
vn -0.3831 0.2851 0.8786
vn -0.6628 -0.6383 0.3914
vn -0.5938 0.3951 0.7009
vn -0.7620 -0.5842 0.2793
vn -0.7279 0.5007 0.4685
vn -0.8544 -0.4960 0.1549
vn -0.7770 0.5808 0.2426
vn -0.9334 -0.3587 0.0093
vn -0.7708 0.6355 0.0447
vn -0.9668 -0.1961 -0.1637
vn -0.7262 0.6748 -0.1314
vn -0.9360 -0.0509 -0.3483
vn -0.6489 0.7047 -0.2871
vn -0.8500 0.0571 -0.5236
vn -0.5442 0.7270 -0.4187
vn -0.7246 0.1285 -0.6771
vn -0.4184 0.7425 -0.5232
vn -0.5723 0.1707 -0.8021
vn -0.2774 0.7514 -0.5986
vn -0.4018 0.1913 -0.8955
vn -0.1260 0.7542 -0.6445
vn -0.2197 0.1971 -0.9554
vn 0.0108 0.7510 -0.6602
vn 0.6789 -0.0375 -0.7332
vn 0.7148 0.6387 -0.2850
vn 0.8376 0.4065 0.3649
vn 0.7663 -0.6375 0.0791
vn 0.5448 0.1923 0.8162
vn 0.7027 -0.6769 0.2193
vn 0.6177 -0.7062 0.3460
vn -0.4280 -0.7046 0.5660
vn -0.3830 0.2851 0.8786
vn -0.5939 0.3950 0.7009
vn -0.7620 -0.5843 0.2793
vn -0.7278 0.5008 0.4685
vn -0.8544 -0.4960 0.1548
vn -0.7771 0.5808 0.2426
vn -0.9334 -0.3588 0.0093
vn -0.9360 -0.0509 -0.3482
vn -0.6489 0.7046 -0.2871
vn -0.2774 0.7515 -0.5986
vn -0.2197 0.1971 -0.9555
vn -0.0505 -0.7575 -0.6508
vn -0.0026 -0.2131 -0.9770
vn 0.1695 -0.2180 -0.9611
vn 0.1069 -0.7608 -0.6401
vn 0.0255 -0.1610 -0.9866
vn 0.2453 -0.7577 -0.6047
vn 0.0220 -0.0594 -0.9980
vn 0.3775 -0.7484 -0.5453
vn 0.1302 0.0258 -0.9911
vn 0.4997 -0.7325 -0.4624
vn 0.3021 0.1011 -0.9479
vn 0.6071 -0.7097 -0.3574
vn 0.5047 0.1844 -0.8433
vn 0.6956 -0.6794 -0.2335
vn 0.6973 0.2879 -0.6564
vn 0.7629 -0.6393 -0.0964
vn 0.8225 0.4070 -0.3974
vn 0.8130 -0.5802 0.0480
vn 0.8469 0.5155 -0.1308
vn 0.8537 -0.4810 0.1994
vn 0.8009 0.5927 0.0858
vn 0.8707 -0.3310 0.3637
vn 0.7207 0.6444 0.2557
vn 0.8311 -0.1646 0.5312
vn 0.6167 0.6819 0.3934
vn 0.7315 -0.0234 0.6814
vn 0.4926 0.7107 0.5022
vn 0.5907 0.0795 0.8030
vn 0.3536 0.7326 0.5816
vn 0.4252 0.1481 0.8929
vn 0.2046 0.7482 0.6312
vn 0.2457 0.1895 0.9506
vn 0.0504 0.7575 0.6508
vn 0.0588 0.2106 0.9758
vn -0.1048 0.7608 0.6405
vn -0.1301 0.2176 0.9673
vn -0.2558 0.7577 0.6003
vn -0.3166 0.2137 0.9242
vn -0.3988 0.7482 0.5302
vn -0.4958 0.1950 0.8463
vn -0.5278 0.7320 0.4307
vn -0.6614 0.1536 0.7341
vn -0.6367 0.7089 0.3035
vn -0.8044 0.0812 0.5886
vn -0.7191 0.6782 0.1516
vn -0.9099 -0.0309 0.4136
vn -0.7699 0.6378 -0.0218
vn -0.9577 -0.1845 0.2208
vn -0.7837 0.5813 -0.2188
vn -0.9329 -0.3583 0.0356
vn -0.7424 0.4976 -0.4487
vn -0.8561 -0.5030 -0.1190
vn -0.6125 0.3862 -0.6897
vn -0.7662 -0.5929 -0.2480
vn -0.4014 0.2721 -0.8746
vn -0.6707 -0.6465 -0.3634
vn -0.1665 0.1759 -0.9702
vn -0.5632 -0.6838 -0.4638
vn 0.0453 0.0980 -0.9942
vn -0.4427 -0.7122 -0.5448
vn 0.2106 0.0260 -0.9772
vn -0.3121 -0.7336 -0.6037
vn -0.2457 -0.1895 -0.9506
vn -0.1748 -0.7487 -0.6394
vn -0.0504 -0.7576 -0.6508
vn 0.0221 -0.0594 -0.9980
vn 0.5048 0.1845 -0.8433
vn 0.6973 0.2879 -0.6565
vn 0.8225 0.4070 -0.3973
vn 0.8130 -0.5802 0.0479
vn 0.8537 -0.4810 0.1995
vn 0.7207 0.6443 0.2557
vn 0.6166 0.6819 0.3934
vn 0.7315 -0.0233 0.6814
vn 0.5906 0.0795 0.8030
vn 0.0504 0.7576 0.6508
vn 0.0589 0.2106 0.9758
vn -0.1301 0.2175 0.9673
vn -0.3988 0.7483 0.5302
vn -0.6614 0.1537 0.7341
vn -0.9577 -0.1845 0.2209
vn -0.7837 0.5814 -0.2188
vn -0.8561 -0.5030 -0.1189
vn -0.4013 0.2720 -0.8746
vn -0.1665 0.1760 -0.9702
vn -0.5632 -0.6839 -0.4638
vn 0.0454 0.0980 -0.9942
vn -0.7015 -0.6160 0.3584
vn 0.4545 -0.8761 -0.1606
vn 0.5175 -0.8539 0.0545
vn -0.3205 -0.1856 0.9289
vn -0.5381 0.2550 0.8034
vn 0.5713 -0.5059 0.6462
vn 0.9001 -0.1904 0.3919
vn 0.4474 -0.8793 0.1634
vn 0.6207 -0.7836 0.0250
vn 0.5854 -0.4657 -0.6636
vn 0.8388 0.5407 -0.0630
vn -0.3884 0.8914 0.2336
vn -0.3827 0.8030 0.4570
vn -0.1571 0.8837 0.4409
vn -0.8613 0.3886 0.3274
vn -0.5715 -0.1813 -0.8003
vn -0.4120 0.3237 -0.8518
vn -0.9196 0.3930 -0.0000
vn -0.8224 -0.5689 -0.0000
vn 0.9026 0.4305 -0.0000
vn -0.4566 0.8897 -0.0000
vn 0.9838 -0.1793 -0.0000
vn 0.5689 -0.8224 -0.0000
vn -0.6852 -0.6248 -0.3743
vn 0.8358 0.5486 0.0206
vn -0.3831 0.8880 -0.2541
vn -0.4502 0.8898 -0.0744
vn 0.8845 0.4588 -0.0847
vn -0.8574 0.3864 -0.3399
vn 0.9069 -0.1901 -0.3761
vn -0.4506 0.8891 0.0808
vn 0.8837 0.4588 0.0930
vn -0.7539 0.6570 -0.0000
vn -0.7281 0.6843 0.0407
vn 0.8056 -0.5021 -0.3145
vn 0.8599 -0.5100 -0.0228
vn 0.8666 -0.4990 -0.0000
vn 0.8599 -0.5101 0.0209
vn -0.6856 0.6586 -0.3101
vn -0.7281 0.6845 -0.0374
vn 0.7871 -0.3167 -0.5293
vn -0.3957 0.5322 -0.7484
vn -0.6904 0.6588 0.2990
vn -0.4244 0.5460 0.7223
vn 0.8008 -0.5025 0.3261
vn 0.8909 -0.1564 0.4265
vn -0.2359 0.8435 -0.4826
vn -0.3606 0.7819 -0.5086
vn 0.0110 0.9999 -0.0028
vn 0.0306 0.6977 0.7157
vn 0.3039 0.9157 0.2629
vn 0.7522 0.6586 0.0188
vn 0.3756 -0.7106 0.5950
vn 0.7823 -0.5677 0.2563
vn 0.6854 -0.6741 -0.2752
vn 0.3724 -0.5763 -0.7274
vn 0.2860 0.5563 -0.7802
vn 0.6934 0.6635 -0.2808
vn -0.0329 -0.6985 0.7149
vn -0.3292 -0.8990 0.2888
vn -0.7492 -0.6621 0.0201
vn -0.3944 0.5677 0.7226
vn -0.6858 0.6799 0.2595
vn -0.3956 -0.6157 -0.6815
vn -0.8299 -0.5312 -0.1707
vn -0.7688 0.5819 -0.2651
vn -0.3493 0.6915 -0.6323
vn 0.0237 -0.6215 -0.7831
vn 0.0290 0.6865 -0.7266
vn -0.0110 -0.9999 0.0028
vn -0.0158 0.6405 0.7678
vn 0.7257 -0.6872 0.0337
vn -0.0111 -0.9999 -0.0027
vn -0.7527 -0.6580 -0.0201
vn -0.7258 0.6873 -0.0286
vn 0.0111 0.9999 0.0027
vn 0.8750 0.1038 -0.4728
vn 0.5963 -0.3449 -0.7249
vn -0.3410 -0.7066 -0.6200
vn -0.4310 -0.1417 -0.8911
vn 0.6146 -0.5284 -0.5857
vn -0.3003 -0.8887 -0.3465
vn 0.6127 -0.6397 -0.4641
vn -0.3465 -0.9345 -0.0810
vn 0.6090 -0.7193 -0.3343
vn -0.3804 -0.9123 0.1515
vn 0.6063 -0.7704 -0.1972
vn -0.4029 -0.8440 0.3539
vn 0.6052 -0.7940 -0.0569
vn -0.4175 -0.7406 0.5266
vn 0.6059 -0.7912 0.0828
vn -0.4270 -0.6092 0.6682
vn 0.6084 -0.7631 0.2180
vn -0.4331 -0.4559 0.7775
vn 0.6126 -0.7108 0.3456
vn -0.4376 -0.2858 0.8525
vn 0.6184 -0.6357 0.4621
vn -0.4425 -0.1036 0.8908
vn 0.6257 -0.5391 0.5638
vn -0.4501 0.0848 0.8889
vn 0.6342 -0.4236 0.6468
vn -0.4645 0.2720 0.8428
vn 0.6437 -0.2933 0.7069
vn -0.4927 0.4456 0.7474
vn 0.6537 -0.1572 0.7402
vn -0.5490 0.5800 0.6018
vn 0.6808 -0.0484 0.7308
vn -0.6296 0.5869 0.5092
vn 0.8929 0.0215 0.4498
vn -0.3898 0.1618 0.9066
vn 0.5783 0.7180 0.3874
vn -0.6544 0.3560 0.6671
vn 0.5059 0.8508 0.1422
vn -0.6460 0.5193 0.5595
vn 0.5001 0.8638 -0.0610
vn -0.6281 0.6328 0.4528
vn 0.4965 0.8328 -0.2450
vn -0.6158 0.7154 0.3301
vn 0.4912 0.7678 -0.4114
vn -0.6076 0.7696 0.1966
vn 0.4837 0.6747 -0.5575
vn -0.6025 0.7960 0.0578
vn 0.4743 0.5582 -0.6808
vn -0.6000 0.7959 -0.0816
vn 0.4633 0.4223 -0.7791
vn -0.5995 0.7702 -0.2176
vn 0.4506 0.2714 -0.8504
vn -0.6008 0.7202 -0.3468
vn 0.4370 0.1093 -0.8928
vn -0.6037 0.6470 -0.4658
vn 0.4226 -0.0594 -0.9044
vn -0.6078 0.5520 -0.5710
vn 0.4078 -0.2283 -0.8841
vn -0.6126 0.4375 -0.6583
vn 0.3927 -0.3889 -0.8334
vn -0.6177 0.3076 -0.7237
vn 0.3767 -0.5234 -0.7643
vn -0.6230 0.1713 -0.7632
vn -0.7756 0.2096 -0.5954
vn 0.3484 -0.5271 -0.7751
vn -0.6148 0.2377 -0.7520
vn 0.6407 -0.2460 -0.7274
vn 0.5762 -0.2199 -0.7871
vn -0.3451 -0.1582 -0.9251
vn 0.5261 -0.3894 -0.7560
vn -0.2624 -0.3873 -0.8838
vn 0.5058 -0.5501 -0.6645
vn -0.2597 -0.5668 -0.7818
vn 0.4943 -0.6760 -0.5466
vn -0.2674 -0.7112 -0.6501
vn 0.4870 -0.7682 -0.4157
vn -0.2757 -0.8197 -0.5021
vn 0.4824 -0.8304 -0.2788
vn -0.2822 -0.8947 -0.3463
vn 0.4800 -0.8661 -0.1397
vn -0.2862 -0.9397 -0.1871
vn 0.4792 -0.8777 -0.0000
vn -0.2878 -0.9573 -0.0269
vn 0.4800 -0.8661 0.1397
vn -0.2870 -0.9486 0.1337
vn 0.4824 -0.8304 0.2788
vn -0.2836 -0.9128 0.2939
vn 0.4870 -0.7682 0.4157
vn -0.2780 -0.8475 0.4523
vn 0.4943 -0.6760 0.5466
vn -0.2704 -0.7486 0.6053
vn 0.5058 -0.5501 0.6645
vn -0.2632 -0.6108 0.7468
vn 0.5261 -0.3894 0.7560
vn -0.2651 -0.4248 0.8656
vn 0.5762 -0.2199 0.7871
vn -0.3452 -0.1322 0.9292
vn 0.6148 -0.2377 0.7520
vn -0.7389 0.2153 0.6385
vn 0.3832 0.3386 0.8594
vn -0.5769 0.2740 0.7695
vn 0.2917 0.5390 0.7902
vn -0.5225 0.4151 0.7448
vn 0.2755 0.6680 0.6913
vn -0.5043 0.5604 0.6569
vn 0.2759 0.7751 0.5685
vn -0.4937 0.6794 0.5428
vn 0.2800 0.8571 0.4324
vn -0.4870 0.7684 0.4152
vn 0.2839 0.9139 0.2902
vn -0.4826 0.8294 0.2815
vn 0.2865 0.9470 0.1455
vn -0.4802 0.8651 0.1452
vn 0.2874 0.9578 -0.0000
vn -0.4793 0.8776 0.0083
vn 0.2865 0.9470 -0.1455
vn -0.4800 0.8678 -0.1289
vn 0.2839 0.9139 -0.2902
vn -0.4822 0.8349 -0.2656
vn 0.2800 0.8571 -0.4324
vn -0.4863 0.7766 -0.4004
vn 0.2759 0.7751 -0.5685
vn -0.4929 0.6898 -0.5302
vn 0.2755 0.6680 -0.6913
vn -0.5035 0.5709 -0.6485
vn 0.2917 0.5390 -0.7902
vn -0.5224 0.4180 -0.7433
vn 0.3452 0.1322 -0.9292
vn -0.5739 0.2461 -0.7810
vn -0.4599 0.0096 -0.8879
vn 0.4492 0.0584 -0.8915
vn 0.4476 -0.0220 -0.8940
vn -0.4629 -0.0661 -0.8840
vn 0.4344 -0.0341 -0.9001
vn -0.4779 -0.0751 -0.8752
vn 0.4192 -0.0466 -0.9067
vn -0.4956 -0.0865 -0.8642
vn 0.3997 -0.0600 -0.9147
vn -0.5183 -0.1021 -0.8491
vn 0.3719 -0.0740 -0.9253
vn -0.5500 -0.1258 -0.8256
vn 0.3241 -0.0880 -0.9419
vn -0.5969 -0.1652 -0.7852
vn 0.2047 -0.1595 -0.9657
vn -0.6536 -0.2470 -0.7154
vn -0.2675 -0.9636 -0.0000
vn -0.6645 -0.7467 -0.0306
vn 0.2047 -0.1595 0.9657
vn -0.6485 -0.2258 0.7270
vn 0.3241 -0.0880 0.9419
vn -0.5962 -0.1412 0.7903
vn 0.3719 -0.0740 0.9253
vn -0.5507 -0.1083 0.8276
vn 0.3997 -0.0600 0.9147
vn -0.5192 -0.0891 0.8500
vn 0.4192 -0.0466 0.9067
vn -0.4964 -0.0762 0.8648
vn 0.4344 -0.0341 0.9001
vn -0.4786 -0.0663 0.8755
vn 0.4476 -0.0220 0.8940
vn -0.4636 -0.0580 0.8842
vn 0.4599 -0.0096 0.8879
vn -0.4498 -0.0506 0.8917
vn 0.4724 0.0037 0.8814
vn -0.4365 -0.0432 0.8987
vn 0.4860 0.0188 0.8738
vn -0.4225 -0.0355 0.9057
vn 0.5020 0.0375 0.8641
vn -0.4067 -0.0267 0.9132
vn 0.5225 0.0622 0.8503
vn -0.3873 -0.0157 0.9218
vn 0.5516 0.0979 0.8283
vn -0.3608 -0.0000 0.9327
vn 0.5962 0.1531 0.7881
vn -0.3178 0.0295 0.9477
vn 0.6548 0.2500 0.7133
vn -0.2046 0.1668 0.9645
vn 0.6555 0.7552 -0.0000
vn 0.1521 0.9087 0.3887
vn 0.6548 0.2500 -0.7133
vn -0.2055 0.1393 -0.9687
vn 0.5962 0.1531 -0.7881
vn -0.3169 -0.0042 -0.9484
vn 0.5516 0.0979 -0.8283
vn -0.3595 -0.0218 -0.9329
vn 0.5225 0.0622 -0.8503
vn -0.3862 -0.0307 -0.9219
vn 0.5020 0.0375 -0.8641
vn -0.4058 -0.0380 -0.9132
vn 0.4860 0.0188 -0.8738
vn -0.4217 -0.0448 -0.9056
vn 0.4636 0.0580 -0.8842
vn -0.4357 -0.0515 -0.8986
vt 0.992497 0.976282
vt 0.992497 0.829045
vt 0.994074 0.829044
vt 0.994074 0.976281
vt 0.995557 0.829042
vt 0.995557 0.976279
vt 0.996891 0.829039
vt 0.996891 0.976275
vt 0.299288 0.761484
vt 0.299288 0.614299
vt 0.300527 0.614272
vt 0.300527 0.761457
vt 0.301942 0.614252
vt 0.301942 0.761437
vt 0.303480 0.614239
vt 0.303480 0.761424
vt 0.305081 0.614235
vt 0.305081 0.761420
vt 0.306683 0.614239
vt 0.306683 0.761424
vt 0.308225 0.614251
vt 0.308225 0.761436
vt 0.309648 0.614271
vt 0.309648 0.761456
vt 0.310898 0.614298
vt 0.310898 0.761483
vt 0.843335 0.970192
vt 0.843335 0.822955
vt 0.844503 0.822957
vt 0.844503 0.970194
vt 0.845864 0.822958
vt 0.845864 0.970195
vt 0.847366 0.822959
vt 0.847366 0.970196
vt 0.848952 0.822959
vt 0.848952 0.970197
vt 0.850561 0.822959
vt 0.850561 0.970197
vt 0.852131 0.822959
vt 0.852131 0.970196
vt 0.853601 0.822958
vt 0.853601 0.970195
vt 0.854915 0.822956
vt 0.854915 0.970194
vt 0.856022 0.822955
vt 0.856022 0.970192
vt 0.299288 0.908719
vt 0.299288 0.761494
vt 0.300595 0.761507
vt 0.300595 0.908731
vt 0.302060 0.761516
vt 0.302060 0.908740
vt 0.303627 0.761521
vt 0.303627 0.908745
vt 0.305235 0.761522
vt 0.305235 0.908746
vt 0.306824 0.761518
vt 0.306824 0.908742
vt 0.308330 0.761511
vt 0.308330 0.908735
vt 0.309698 0.761499
vt 0.309698 0.908723
vt 0.310874 0.761484
vt 0.310874 0.908709
vt 0.986475 0.976276
vt 0.986475 0.829039
vt 0.987818 0.829042
vt 0.987818 0.976279
vt 0.989308 0.829044
vt 0.989308 0.976281
vt 0.816452 0.591327
vt 0.814874 0.591641
vt 0.813265 0.591641
vt 0.811687 0.591327
vt 0.810200 0.590712
vt 0.808862 0.589817
vt 0.807725 0.588679
vt 0.806831 0.587341
vt 0.806215 0.585855
vt 0.805901 0.584276
vt 0.805901 0.582667
vt 0.806215 0.581088
vt 0.806831 0.579602
vt 0.807725 0.578264
vt 0.808862 0.577126
vt 0.810200 0.576232
vt 0.811687 0.575616
vt 0.813265 0.575302
vt 0.814874 0.575302
vt 0.816452 0.575616
vt 0.817939 0.576232
vt 0.819277 0.577126
vt 0.820415 0.578264
vt 0.821309 0.579602
vt 0.821924 0.581089
vt 0.822238 0.582667
vt 0.822238 0.584276
vt 0.821924 0.585855
vt 0.821309 0.587341
vt 0.820415 0.588679
vt 0.819277 0.589817
vt 0.817939 0.590712
vt 0.990888 0.829045
vt 0.990888 0.976282
vt 0.789875 0.581089
vt 0.790491 0.579602
vt 0.791385 0.578264
vt 0.792523 0.577126
vt 0.793861 0.576232
vt 0.795348 0.575616
vt 0.796927 0.575302
vt 0.798536 0.575302
vt 0.800114 0.575616
vt 0.801601 0.576232
vt 0.802939 0.577126
vt 0.804077 0.578264
vt 0.804971 0.579602
vt 0.805587 0.581089
vt 0.805901 0.582667
vt 0.805901 0.584276
vt 0.805587 0.585855
vt 0.804971 0.587341
vt 0.804077 0.588680
vt 0.802939 0.589817
vt 0.801601 0.590712
vt 0.800114 0.591327
vt 0.798536 0.591641
vt 0.796927 0.591641
vt 0.795348 0.591327
vt 0.793861 0.590712
vt 0.792523 0.589817
vt 0.791385 0.588679
vt 0.790491 0.587341
vt 0.789875 0.585855
vt 0.789561 0.584276
vt 0.789561 0.582667
vt 0.437459 0.870729
vt 0.438620 0.871542
vt 0.438610 0.886270
vt 0.437449 0.885456
vt 0.438579 0.900432
vt 0.437418 0.899619
vt 0.438528 0.913486
vt 0.437368 0.912672
vt 0.438461 0.924928
vt 0.437300 0.924114
vt 0.438378 0.934320
vt 0.437218 0.933506
vt 0.438284 0.941301
vt 0.437124 0.940487
vt 0.438182 0.945602
vt 0.437022 0.944788
vt 0.438076 0.947058
vt 0.436915 0.946244
vt 0.998056 0.980013
vt 0.996891 0.980826
vt 0.996989 0.979381
vt 0.998154 0.978568
vt 0.997083 0.975091
vt 0.998248 0.974278
vt 0.997170 0.968120
vt 0.998335 0.967307
vt 0.997246 0.958737
vt 0.998411 0.957923
vt 0.997309 0.947301
vt 0.998474 0.946488
vt 0.997355 0.934253
vt 0.998520 0.933440
vt 0.997384 0.920094
vt 0.998549 0.919281
vt 0.997393 0.905368
vt 0.998558 0.904554
vt 0.997384 0.890641
vt 0.998549 0.889827
vt 0.997355 0.876478
vt 0.998520 0.875665
vt 0.997309 0.863425
vt 0.998474 0.862611
vt 0.997246 0.851982
vt 0.998411 0.851169
vt 0.997170 0.842590
vt 0.998335 0.841777
vt 0.997083 0.835609
vt 0.998248 0.834796
vt 0.996989 0.831308
vt 0.998154 0.830495
vt 0.996891 0.829852
vt 0.998056 0.829039
vt 0.436915 0.795270
vt 0.438076 0.796083
vt 0.438182 0.797528
vt 0.437022 0.796715
vt 0.438284 0.801819
vt 0.437124 0.801005
vt 0.438378 0.808790
vt 0.437218 0.807976
vt 0.438461 0.818173
vt 0.437300 0.817360
vt 0.438528 0.829609
vt 0.437368 0.828795
vt 0.438579 0.842657
vt 0.437418 0.841843
vt 0.992035 0.371828
vt 0.991940 0.357333
vt 0.991940 0.342834
vt 0.992035 0.328887
vt 0.992221 0.316029
vt 0.992491 0.304754
vt 0.992835 0.295495
vt 0.993240 0.288608
vt 0.993689 0.284357
vt 0.994166 0.282907
vt 0.994653 0.284312
vt 0.995130 0.288519
vt 0.995579 0.295365
vt 0.995984 0.304589
vt 0.996328 0.315835
vt 0.996598 0.328671
vt 0.996784 0.342605
vt 0.996879 0.357100
vt 0.996879 0.371599
vt 0.996784 0.385546
vt 0.996598 0.398403
vt 0.996328 0.409679
vt 0.995984 0.418938
vt 0.995579 0.425825
vt 0.995130 0.430075
vt 0.994653 0.431526
vt 0.994166 0.430121
vt 0.993689 0.425914
vt 0.993240 0.419067
vt 0.992835 0.409844
vt 0.992491 0.398598
vt 0.992221 0.385761
vt 0.438610 0.856816
vt 0.437449 0.856003
vt 0.992534 0.075433
vt 0.992439 0.090141
vt 0.992252 0.104283
vt 0.991980 0.117314
vt 0.991635 0.128735
vt 0.991229 0.138105
vt 0.990778 0.145066
vt 0.990299 0.149350
vt 0.989811 0.150791
vt 0.989332 0.149335
vt 0.988881 0.145038
vt 0.988475 0.138064
vt 0.988129 0.128682
vt 0.987858 0.117252
vt 0.987671 0.104214
vt 0.987576 0.090068
vt 0.987576 0.075358
vt 0.987671 0.060650
vt 0.987858 0.046509
vt 0.988129 0.033477
vt 0.988475 0.022057
vt 0.988881 0.012686
vt 0.989332 0.005725
vt 0.989811 0.001441
vt 0.990299 0.000000
vt 0.990778 0.001456
vt 0.991229 0.005753
vt 0.991635 0.012727
vt 0.991980 0.022109
vt 0.992252 0.033539
vt 0.992439 0.046577
vt 0.992534 0.060723
vt 0.455427 0.861109
vt 0.455081 0.885152
vt 0.441099 0.879619
vt 0.438620 0.860461
vt 0.408324 0.794157
vt 0.424300 0.791880
vt 0.422661 0.810520
vt 0.409073 0.817139
vt 0.860095 0.505983
vt 0.858189 0.488784
vt 0.871798 0.494930
vt 0.877358 0.508711
vt 0.486091 0.397531
vt 0.488819 0.356912
vt 0.491378 0.361920
vt 0.496820 0.394187
vt 0.396726 0.336097
vt 0.422631 0.326791
vt 0.415744 0.340374
vt 0.396002 0.362497
vt 0.818712 0.070528
vt 0.802409 0.067881
vt 0.797811 0.012420
vt 0.817752 0.032631
vt 0.282267 0.911194
vt 0.283785 0.885203
vt 0.292006 0.885274
vt 0.291050 0.911720
vt 0.460569 0.397479
vt 0.459982 0.356547
vt 0.473128 0.353746
vt 0.473793 0.395085
vt 0.809947 0.504928
vt 0.811600 0.487769
vt 0.834944 0.485859
vt 0.835002 0.505502
vt 0.502084 0.861527
vt 0.501774 0.885698
vt 0.478394 0.885893
vt 0.478725 0.861802
vt 0.808993 0.555266
vt 0.809473 0.530144
vt 0.834521 0.530624
vt 0.834041 0.555747
vt 0.282379 0.957258
vt 0.281166 0.936827
vt 0.291121 0.937812
vt 0.289652 0.958589
vt 0.859687 0.084216
vt 0.839095 0.074701
vt 0.841540 0.036152
vt 0.861286 0.047205
vt 0.351193 0.353815
vt 0.371754 0.342583
vt 0.371501 0.367650
vt 0.352872 0.377861
vt 0.859134 0.556228
vt 0.859615 0.531105
vt 0.878725 0.531476
vt 0.877836 0.555365
vt 0.361788 0.796272
vt 0.385643 0.795470
vt 0.386369 0.818525
vt 0.362492 0.819402
vt 0.344123 0.796346
vt 0.347896 0.814186
vt 0.857911 0.574549
vt 0.872653 0.569732
vt 0.338011 0.381527
vt 0.340400 0.386781
vt 0.874436 0.089408
vt 0.872759 0.057797
vt 0.467267 0.329826
vt 0.474041 0.326791
vt 0.808667 0.573605
vt 0.833226 0.575302
vt 0.793517 0.568217
vt 0.789561 0.553679
vt 0.479827 0.330297
vt 0.298567 0.911446
vt 0.299285 0.936652
vt 0.789561 0.529781
vt 0.791749 0.507091
vt 0.294643 0.957814
vt 0.797124 0.493441
vt 0.297537 0.885203
vt 0.862138 0.027292
vt 0.876206 0.053345
vt 0.816900 0.007390
vt 0.842191 0.015003
vt 0.518968 0.861096
vt 0.515945 0.880393
vt 0.449843 0.393875
vt 0.454849 0.361608
vt 0.791252 -0.000000
vt 0.429786 0.578791
vt 0.435272 0.540090
vt 0.450989 0.538956
vt 0.449214 0.577627
vt 0.951593 0.129352
vt 0.961125 0.247106
vt 0.944187 0.250053
vt 0.934769 0.125026
vt 0.918050 0.125748
vt 0.919240 0.250849
vt 0.894360 0.251573
vt 0.902817 0.125989
vt 0.472607 0.585357
vt 0.472607 0.554417
vt 0.494634 0.538969
vt 0.496163 0.577633
vt 0.875305 0.271312
vt 0.858031 0.268038
vt 0.858155 0.228856
vt 0.873166 0.233344
vt 0.339191 0.492072
vt 0.355316 0.492375
vt 0.355497 0.564135
vt 0.340865 0.566227
vt 0.376176 0.487434
vt 0.400353 0.463736
vt 0.403989 0.582022
vt 0.378852 0.562605
vt 0.833705 0.275703
vt 0.808590 0.274951
vt 0.809504 0.244187
vt 0.834620 0.244938
vt 0.794303 0.272875
vt 0.795218 0.242110
vt 0.510130 0.540408
vt 0.515440 0.578949
vt 0.413411 0.459766
vt 0.418007 0.578914
vt 0.877553 0.250284
vt 0.886111 0.131290
vt 0.497468 0.705822
vt 0.497692 0.678176
vt 0.520751 0.679370
vt 0.518412 0.706602
vt 0.806233 0.394458
vt 0.791123 0.393212
vt 0.791561 0.365169
vt 0.805847 0.367246
vt 0.447663 0.705823
vt 0.447438 0.678177
vt 0.472607 0.678176
vt 0.472597 0.705690
vt 0.854648 0.396253
vt 0.830150 0.395356
vt 0.830963 0.367998
vt 0.856079 0.368749
vt 0.873242 0.398083
vt 0.875614 0.370811
vt 0.426634 0.706582
vt 0.424300 0.679372
vt 0.916541 0.516686
vt 0.919016 0.547289
vt 0.878725 0.576897
vt 0.880989 0.516100
vt 0.908884 0.623964
vt 0.908862 0.684942
vt 0.883865 0.685237
vt 0.883916 0.624369
vt 0.337525 0.674788
vt 0.356931 0.673701
vt 0.357837 0.704296
vt 0.338402 0.705479
vt 0.381905 0.673469
vt 0.406878 0.673237
vt 0.407842 0.703642
vt 0.382839 0.703969
vt 0.933914 0.623443
vt 0.933920 0.684522
vt 0.420982 0.669843
vt 0.421974 0.700153
vt 0.915806 0.369882
vt 0.917213 0.430646
vt 0.877443 0.405213
vt 0.880412 0.374961
vt 0.428967 0.771583
vt 0.428967 0.733791
vt 0.447888 0.733469
vt 0.447888 0.771261
vt 0.472588 0.770996
vt 0.472588 0.733204
vt 0.497243 0.733468
vt 0.497243 0.771260
vt 0.869753 0.462932
vt 0.852100 0.461334
vt 0.853217 0.423756
vt 0.870869 0.425354
vt 0.828220 0.460292
vt 0.805503 0.459247
vt 0.806619 0.421669
vt 0.829337 0.422714
vt 0.789561 0.458812
vt 0.790684 0.421255
vt 0.516074 0.733834
vt 0.516080 0.771603
vt 0.520751 0.795270
vt 0.519413 0.823344
vt 0.502556 0.823875
vt 0.503784 0.796710
vt 0.479590 0.796962
vt 0.479230 0.824273
vt 0.455965 0.823707
vt 0.455458 0.796680
vt 0.340723 0.732179
vt 0.359259 0.731599
vt 0.360681 0.758901
vt 0.343045 0.758880
vt 0.383670 0.731092
vt 0.407495 0.730331
vt 0.407148 0.757019
vt 0.384501 0.758215
vt 0.422535 0.727485
vt 0.423096 0.754818
vt 0.439177 0.823131
vt 0.438620 0.795468
vt 0.497236 0.795269
vt 0.512185 0.790122
vt 0.804762 0.483772
vt 0.791231 0.478326
vt 0.447881 0.795270
vt 0.472581 0.795005
vt 0.851360 0.485859
vt 0.827480 0.484817
vt 0.865941 0.481711
vt 0.432869 0.790116
vt 0.877443 0.308962
vt 0.918524 0.339808
vt 0.883382 0.344708
vt 0.886351 0.314455
vt 0.404952 0.612427
vt 0.418999 0.609223
vt 0.419990 0.639533
vt 0.405915 0.642832
vt 0.877583 0.432093
vt 0.921435 0.430646
vt 0.921435 0.455558
vt 0.877609 0.456972
vt 0.355761 0.603620
vt 0.379911 0.602787
vt 0.380970 0.642969
vt 0.356025 0.643106
vt 0.338756 0.605162
vt 0.336647 0.644098
vt 0.921221 0.480413
vt 0.877443 0.481790
vt 0.961125 0.278034
vt 0.961125 0.308962
vt 0.944069 0.304836
vt 0.944157 0.276295
vt 0.497692 0.647236
vt 0.497692 0.616296
vt 0.520751 0.617490
vt 0.520751 0.648430
vt 0.806761 0.336481
vt 0.792475 0.334404
vt 0.793389 0.303640
vt 0.807675 0.305716
vt 0.447438 0.647237
vt 0.447438 0.616297
vt 0.472607 0.616297
vt 0.472607 0.647237
vt 0.856993 0.337985
vt 0.831877 0.337233
vt 0.832791 0.306468
vt 0.857907 0.307220
vt 0.876529 0.340046
vt 0.877443 0.309281
vt 0.424300 0.648432
vt 0.424300 0.617492
vt 0.907045 0.063197
vt 0.890389 0.071793
vt 0.394711 0.404063
vt 0.411113 0.400192
vt 0.930060 0.062513
vt 0.917455 0.063198
vt 0.353859 0.416921
vt 0.374025 0.408727
vt 0.339212 0.419495
vt 0.946828 0.070475
vt 0.439232 0.465780
vt 0.452858 0.468794
vt 0.473726 0.447998
vt 0.493647 0.468834
vt 0.858521 0.157537
vt 0.874597 0.159850
vt 0.812942 0.126793
vt 0.837177 0.151512
vt 0.800012 0.125957
vt 0.506882 0.466064
vt 0.789561 0.061698
vt 0.916859 0.000648
vt 0.911273 0.000405
vt 0.925351 -0.000000
vt 0.424300 0.389626
vt 0.933920 0.592893
vt 0.908918 0.593515
vt 0.883979 0.594032
vt 0.914065 0.486083
vt 0.878725 0.485859
vt 0.937033 0.706432
vt 0.885084 0.708106
vt 0.895465 0.691360
vt 0.894918 0.685237
vt 0.936774 0.755445
vt 0.884853 0.755446
vt 0.883865 0.731800
vt 0.937033 0.730921
vt 0.920875 0.575227
vt 0.931017 0.578461
vt 0.919182 0.277000
vt 0.894273 0.277610
vt 0.877443 0.280815
vt 0.553947 0.882630
vt 0.553947 0.919686
vt 0.529908 0.902218
vt 0.520751 0.882632
vt 0.976603 0.647134
vt 0.976135 0.673154
vt 0.961125 0.673214
vt 0.961592 0.647194
vt 0.311377 0.349356
vt 0.311781 0.326829
vt 0.326791 0.326791
vt 0.326386 0.349319
vt 0.169183 0.882627
vt 0.169183 0.919683
vt 0.144007 0.902215
vt 0.135974 0.882627
vt 0.976150 0.538348
vt 0.976135 0.558411
vt 0.961125 0.558412
vt 0.961139 0.538349
vt 0.771777 0.849633
vt 0.771947 0.822955
vt 0.786957 0.823024
vt 0.786788 0.849702
vt 0.976150 0.131458
vt 0.976150 0.279493
vt 0.961139 0.279494
vt 0.961139 0.131459
vt 0.169183 0.474896
vt 0.169183 0.623237
vt 0.135974 0.623237
vt 0.135974 0.474895
vt 0.311377 0.749571
vt 0.311377 0.604049
vt 0.326386 0.604012
vt 0.326386 0.749533
vt 0.553947 0.474899
vt 0.553947 0.623240
vt 0.520751 0.623241
vt 0.520750 0.474900
vt 0.553947 0.437873
vt 0.520750 0.437874
vt 0.169183 0.437870
vt 0.135974 0.437869
vt 0.976150 0.094508
vt 0.961139 0.094509
vt 0.311377 0.458411
vt 0.326386 0.458374
vt 0.311377 0.785951
vt 0.326386 0.785914
vt 0.976150 0.427410
vt 0.961139 0.427411
vt 0.169183 0.771460
vt 0.135974 0.771460
vt 0.553947 0.771463
vt 0.520751 0.771464
vt 0.620340 0.623237
vt 0.620340 0.771460
vt 0.587143 0.771462
vt 0.587143 0.623239
vt 0.235601 0.623238
vt 0.235601 0.771461
vt 0.202392 0.771461
vt 0.202392 0.623238
vt 0.235601 0.437871
vt 0.235601 0.474897
vt 0.202392 0.474897
vt 0.202392 0.437871
vt 0.620340 0.437870
vt 0.620340 0.474896
vt 0.587143 0.474898
vt 0.587143 0.437871
vt 0.771487 0.915703
vt 0.771632 0.882668
vt 0.786643 0.882737
vt 0.786498 0.915772
vt 0.235601 0.882629
vt 0.235601 0.919684
vt 0.202392 0.919684
vt 0.202392 0.882628
vt 0.976313 0.581225
vt 0.976458 0.614180
vt 0.961447 0.614239
vt 0.961303 0.581285
vt 0.620340 0.882627
vt 0.620340 0.919683
vt 0.587143 0.919685
vt 0.587143 0.882629
vt 0.620340 0.808516
vt 0.620340 0.845572
vt 0.587143 0.845573
vt 0.587143 0.808517
vt 0.235601 0.808517
vt 0.235601 0.845573
vt 0.202392 0.845572
vt 0.202392 0.808517
vt 0.311377 0.858712
vt 0.311377 0.822332
vt 0.326386 0.822295
vt 0.326386 0.858675
vt 0.976150 0.464389
vt 0.976150 0.501369
vt 0.961139 0.501369
vt 0.961139 0.464390
vt 0.169183 0.808516
vt 0.169183 0.845572
vt 0.135974 0.845571
vt 0.135974 0.808515
vt 0.553947 0.808519
vt 0.553947 0.845575
vt 0.520750 0.845576
vt 0.520750 0.808520
vt 0.311781 0.876198
vt 0.326791 0.876160
vt 0.620340 0.363818
vt 0.620340 0.400844
vt 0.587143 0.400845
vt 0.587143 0.363819
vt 0.235601 0.363819
vt 0.235601 0.400845
vt 0.202392 0.400844
vt 0.202392 0.363818
vt 0.976150 0.020609
vt 0.976150 0.057558
vt 0.961139 0.057559
vt 0.961139 0.020609
vt 0.169183 0.363817
vt 0.169183 0.400844
vt 0.135974 0.400843
vt 0.135975 0.363817
vt 0.553947 0.363820
vt 0.553947 0.400847
vt 0.520750 0.400848
vt 0.520750 0.363822
vt 0.311377 0.422059
vt 0.311377 0.385708
vt 0.326386 0.385671
vt 0.326386 0.422022
vt 0.553947 0.326794
vt 0.529908 0.342653
vt 0.169183 0.326791
vt 0.144007 0.342649
vt 0.976135 0.000000
vt 0.961125 0.000001
vt 0.235601 0.326792
vt 0.202392 0.326792
vt 0.620340 0.326791
vt 0.587143 0.326793
vt 0.645507 0.342648
vt 0.653536 0.363816
vt 0.653536 0.400842
vt 0.653536 0.845570
vt 0.653536 0.882626
vt 0.653536 0.808515
vt 0.645507 0.902214
vt 0.976135 0.558412
vt 0.961125 0.558472
vt 0.653536 0.474895
vt 0.653536 0.623236
vt 0.653536 0.437869
vt 0.653536 0.771459
vt 0.259640 0.342650
vt 0.268810 0.363819
vt 0.268810 0.400846
vt 0.268810 0.845573
vt 0.268810 0.882629
vt 0.268810 0.808518
vt 0.259640 0.902216
vt 0.771947 0.937979
vt 0.786957 0.938048
vt 0.268810 0.474898
vt 0.268810 0.623239
vt 0.268810 0.437872
vt 0.268810 0.771462
vt 0.918547 0.321212
vt 0.918524 0.308968
vt 0.929315 0.308962
vt 0.929338 0.321207
vt 0.410699 0.951207
vt 0.423600 0.945517
vt 0.411831 0.957905
vt 0.397698 0.966093
vt 0.270024 0.890156
vt 0.268810 0.876198
vt 0.279399 0.876516
vt 0.280614 0.890475
vt 0.986941 0.406132
vt 0.986943 0.432050
vt 0.976152 0.432050
vt 0.976150 0.406132
vt 0.482042 0.900286
vt 0.481808 0.885893
vt 0.492572 0.886205
vt 0.492806 0.900598
vt 0.695681 0.853435
vt 0.683553 0.859969
vt 0.692813 0.850257
vt 0.707068 0.840022
vt 0.727184 0.848972
vt 0.702740 0.849277
vt 0.717589 0.834655
vt 0.726959 0.831505
vt 0.482038 0.920287
vt 0.482114 0.910878
vt 0.492878 0.911190
vt 0.492802 0.920599
vt 0.269485 0.926700
vt 0.270160 0.902266
vt 0.280749 0.902584
vt 0.280074 0.927019
vt 0.361316 0.950562
vt 0.385759 0.950881
vt 0.385534 0.968391
vt 0.361091 0.968072
vt 0.362216 0.880520
vt 0.386659 0.880839
vt 0.386434 0.898350
vt 0.361991 0.898030
vt 0.678701 0.919458
vt 0.653761 0.919769
vt 0.653536 0.902302
vt 0.678476 0.901991
vt 0.986942 0.335718
vt 0.986942 0.353321
vt 0.976151 0.353321
vt 0.976151 0.335718
vt 0.411599 0.881165
vt 0.428430 0.883235
vt 0.436314 0.899001
vt 0.411374 0.898676
vt 0.918587 0.383731
vt 0.918589 0.367744
vt 0.929380 0.367738
vt 0.929378 0.383725
vt 0.703641 0.919147
vt 0.703416 0.901680
vt 0.386209 0.915860
vt 0.411149 0.916186
vt 0.410924 0.933696
vt 0.385984 0.933370
vt 0.704091 0.954082
vt 0.679151 0.954393
vt 0.678926 0.936926
vt 0.703866 0.936615
vt 0.986943 0.300510
vt 0.986942 0.318114
vt 0.976151 0.318114
vt 0.976152 0.300510
vt 0.666250 0.948710
vt 0.657008 0.933352
vt 0.728534 0.953777
vt 0.728309 0.936310
vt 0.361766 0.915541
vt 0.361541 0.933051
vt 0.436089 0.916512
vt 0.432842 0.930126
vt 0.918579 0.350147
vt 0.918568 0.336520
vt 0.929359 0.336514
vt 0.929370 0.350141
vt 0.703191 0.884212
vt 0.678251 0.884523
vt 0.678026 0.867056
vt 0.702965 0.866745
vt 0.387109 0.845818
vt 0.394169 0.849991
vt 0.411824 0.863655
vt 0.386884 0.863329
vt 0.918531 0.410943
vt 0.918579 0.398988
vt 0.929370 0.398982
vt 0.929322 0.410938
vt 0.406297 0.856549
vt 0.416868 0.868260
vt 0.362666 0.845499
vt 0.362441 0.863009
vt 0.727634 0.883907
vt 0.727409 0.866440
vt 0.661420 0.886579
vt 0.672981 0.871647
vt 0.986942 0.370925
vt 0.986941 0.388529
vt 0.976150 0.388529
vt 0.976150 0.370925
vt 0.752078 0.883602
vt 0.751853 0.866135
vt 0.338223 0.845180
vt 0.337997 0.862690
vt 0.337322 0.915221
vt 0.337097 0.932732
vt 0.752978 0.953473
vt 0.752753 0.936005
vt 0.752528 0.918537
vt 0.728084 0.918842
vt 0.727859 0.901375
vt 0.752303 0.901070
vt 0.337772 0.880200
vt 0.337547 0.897711
vt 0.336872 0.950242
vt 0.336647 0.967753
vt 0.268810 0.951134
vt 0.279399 0.951453
vt 0.481808 0.946638
vt 0.492572 0.946950
vt 0.751628 0.848667
vt 0.753203 0.822953
vt 0.753203 0.970940
vt 0.728759 0.971245
vt 0.704316 0.971550
vt 0.692152 0.969251
vt 0.678019 0.961075
vt 0.986943 0.282907
vt 0.976152 0.282907
vt 0.336647 0.819402
vt 0.362891 0.827989
vt 0.372261 0.831152
vt 0.382782 0.836539
vt 0.397037 0.846807
vt 0.918524 0.420899
vt 0.929315 0.420894
vt 0.510390 0.910339
vt 0.492878 0.910342
vt 0.492878 0.885897
vt 0.510390 0.885893
vt 0.982714 0.282907
vt 0.982714 0.141844
vt 0.984451 0.141780
vt 0.984451 0.282843
vt 0.986093 0.141654
vt 0.986093 0.282717
vt 0.987576 0.141469
vt 0.987576 0.282532
vt 0.962230 0.972841
vt 0.962230 0.829237
vt 0.963536 0.829154
vt 0.963536 0.972758
vt 0.965023 0.829092
vt 0.965023 0.972696
vt 0.966636 0.829053
vt 0.966636 0.972658
vt 0.968311 0.829039
vt 0.968311 0.972643
vt 0.969984 0.829050
vt 0.969984 0.972654
vt 0.971592 0.829085
vt 0.971592 0.972690
vt 0.973072 0.829144
vt 0.973072 0.972748
vt 0.974366 0.829224
vt 0.974367 0.972828
vt 0.869944 0.964713
vt 0.869944 0.823545
vt 0.871199 0.823315
vt 0.871199 0.964482
vt 0.872672 0.823135
vt 0.872672 0.964303
vt 0.874306 0.823014
vt 0.874306 0.964182
vt 0.876039 0.822955
vt 0.876039 0.964123
vt 0.877805 0.822960
vt 0.877805 0.964128
vt 0.879534 0.823030
vt 0.879534 0.964198
vt 0.881161 0.823161
vt 0.881161 0.964329
vt 0.882624 0.823350
vt 0.882624 0.964518
vt 0.883865 0.823587
vt 0.883865 0.964755
vt 0.299288 0.614044
vt 0.299288 0.470579
vt 0.300655 0.470667
vt 0.300655 0.614132
vt 0.302187 0.470729
vt 0.302187 0.614194
vt 0.303823 0.470764
vt 0.303823 0.614229
vt 0.305502 0.470770
vt 0.305502 0.614235
vt 0.307159 0.470746
vt 0.307159 0.614211
vt 0.308729 0.470694
vt 0.308729 0.614159
vt 0.310153 0.470615
vt 0.310153 0.614080
vt 0.311377 0.470513
vt 0.311377 0.613978
vt 0.976150 0.282516
vt 0.976150 0.141453
vt 0.977602 0.141642
vt 0.977602 0.282705
vt 0.979223 0.141773
vt 0.979223 0.282836
vt 0.201471 0.926030
vt 0.201792 0.927759
vt 0.201792 0.929523
vt 0.201471 0.931252
vt 0.200841 0.932881
vt 0.199926 0.934347
vt 0.198761 0.935593
vt 0.197391 0.936572
vt 0.195870 0.937246
vt 0.194254 0.937590
vt 0.192607 0.937589
vt 0.190992 0.937244
vt 0.189470 0.936568
vt 0.188101 0.935588
vt 0.186936 0.934340
vt 0.186021 0.932874
vt 0.185391 0.931244
vt 0.185069 0.929514
vt 0.185069 0.927751
vt 0.185391 0.926022
vt 0.186021 0.924393
vt 0.186936 0.922927
vt 0.188101 0.921681
vt 0.189470 0.920702
vt 0.190992 0.920028
vt 0.192607 0.919684
vt 0.194254 0.919685
vt 0.195870 0.920030
vt 0.197391 0.920706
vt 0.198761 0.921686
vt 0.199925 0.922934
vt 0.200841 0.924400
vt 0.980949 0.141841
vt 0.980949 0.282904
vt 0.151636 0.927725
vt 0.151957 0.925998
vt 0.152587 0.924373
vt 0.153501 0.922910
vt 0.154666 0.921668
vt 0.156035 0.920693
vt 0.157556 0.920023
vt 0.159171 0.919684
vt 0.160817 0.919689
vt 0.162432 0.920037
vt 0.163953 0.920716
vt 0.165322 0.921699
vt 0.166486 0.922948
vt 0.167401 0.924415
vt 0.168031 0.926045
vt 0.168352 0.927774
vt 0.168353 0.929536
vt 0.168031 0.931263
vt 0.167401 0.932889
vt 0.166487 0.934351
vt 0.165322 0.935593
vt 0.163953 0.936568
vt 0.162432 0.937238
vt 0.160818 0.937577
vt 0.159171 0.937572
vt 0.157556 0.937224
vt 0.156035 0.936545
vt 0.154666 0.935562
vt 0.153502 0.934313
vt 0.152587 0.932846
vt 0.151957 0.931216
vt 0.151636 0.929487
vt 0.982714 0.141453
vt 0.982714 0.000390
vt 0.984451 0.000327
vt 0.984451 0.141390
vt 0.986093 0.000200
vt 0.986093 0.141263
vt 0.987576 0.000015
vt 0.987576 0.141078
vt 0.962229 0.829039
vt 0.962229 0.685435
vt 0.963535 0.685352
vt 0.963535 0.828956
vt 0.965023 0.685290
vt 0.965023 0.828894
vt 0.966636 0.685251
vt 0.966636 0.828855
vt 0.968311 0.685237
vt 0.968311 0.828841
vt 0.969984 0.685248
vt 0.969984 0.828852
vt 0.971592 0.685283
vt 0.971592 0.828887
vt 0.973071 0.685342
vt 0.973071 0.828946
vt 0.974366 0.685422
vt 0.974366 0.829026
vt 0.856022 0.964713
vt 0.856022 0.823545
vt 0.857277 0.823315
vt 0.857277 0.964482
vt 0.858750 0.823135
vt 0.858750 0.964303
vt 0.860385 0.823014
vt 0.860385 0.964182
vt 0.862118 0.822955
vt 0.862118 0.964123
vt 0.863883 0.822960
vt 0.863883 0.964128
vt 0.865613 0.823030
vt 0.865613 0.964198
vt 0.867240 0.823161
vt 0.867240 0.964329
vt 0.868702 0.823350
vt 0.868702 0.964518
vt 0.869944 0.823587
vt 0.869944 0.964755
vt 0.299288 0.470322
vt 0.299288 0.326857
vt 0.300655 0.326945
vt 0.300655 0.470410
vt 0.302187 0.327008
vt 0.302187 0.470473
vt 0.303823 0.327042
vt 0.303823 0.470507
vt 0.305502 0.327048
vt 0.305502 0.470513
vt 0.307159 0.327024
vt 0.307159 0.470489
vt 0.308729 0.326972
vt 0.308729 0.470437
vt 0.310154 0.326893
vt 0.310153 0.470358
vt 0.311377 0.326791
vt 0.311377 0.470256
vt 0.976150 0.141063
vt 0.976150 -0.000000
vt 0.977602 0.000189
vt 0.977602 0.141252
vt 0.979223 0.000320
vt 0.979223 0.141383
vt 0.218194 0.926030
vt 0.218515 0.927760
vt 0.218515 0.929523
vt 0.218194 0.931252
vt 0.217563 0.932881
vt 0.216648 0.934347
vt 0.215484 0.935593
vt 0.214114 0.936572
vt 0.212592 0.937246
vt 0.210977 0.937590
vt 0.209330 0.937589
vt 0.207715 0.937244
vt 0.206193 0.936568
vt 0.204823 0.935588
vt 0.203659 0.934340
vt 0.202744 0.932874
vt 0.202114 0.931244
vt 0.201792 0.929514
vt 0.201792 0.927751
vt 0.202114 0.926022
vt 0.202744 0.924393
vt 0.203659 0.922927
vt 0.204824 0.921681
vt 0.206193 0.920702
vt 0.207715 0.920027
vt 0.209330 0.919684
vt 0.210977 0.919685
vt 0.212593 0.920030
vt 0.214114 0.920706
vt 0.215484 0.921686
vt 0.216648 0.922934
vt 0.217563 0.924400
vt 0.980949 0.000388
vt 0.980949 0.141451
vt 0.168353 0.927725
vt 0.168674 0.925998
vt 0.169304 0.924373
vt 0.170219 0.922910
vt 0.171383 0.921668
vt 0.172752 0.920693
vt 0.174273 0.920023
vt 0.175888 0.919684
vt 0.177534 0.919689
vt 0.179149 0.920038
vt 0.180670 0.920716
vt 0.182039 0.921699
vt 0.183203 0.922948
vt 0.184118 0.924416
vt 0.184748 0.926045
vt 0.185069 0.927774
vt 0.185069 0.929536
vt 0.184748 0.931263
vt 0.184118 0.932889
vt 0.183204 0.934351
vt 0.182039 0.935593
vt 0.180670 0.936568
vt 0.179149 0.937238
vt 0.177534 0.937577
vt 0.175888 0.937572
vt 0.174273 0.937224
vt 0.172752 0.936545
vt 0.171383 0.935562
vt 0.170219 0.934313
vt 0.169304 0.932846
vt 0.168674 0.931216
vt 0.168353 0.929487
vt 0.806215 0.964887
vt 0.806215 0.822955
vt 0.807952 0.823008
vt 0.807952 0.964941
vt 0.809594 0.823114
vt 0.809594 0.965047
vt 0.811078 0.823269
vt 0.811078 0.965202
vt 0.812347 0.823467
vt 0.812347 0.965400
vt 0.976603 0.673140
vt 0.976603 0.530510
vt 0.978056 0.530386
vt 0.978056 0.673016
vt 0.979647 0.530304
vt 0.979647 0.672934
vt 0.981313 0.530268
vt 0.981313 0.672898
vt 0.982991 0.530279
vt 0.982991 0.672909
vt 0.984616 0.530337
vt 0.984616 0.672968
vt 0.986126 0.530440
vt 0.986126 0.673070
vt 0.987463 0.530584
vt 0.987463 0.673214
vt 0.753203 0.964852
vt 0.753203 0.822989
vt 0.754457 0.823189
vt 0.754457 0.965052
vt 0.755930 0.823345
vt 0.755930 0.965208
vt 0.757564 0.823451
vt 0.757564 0.965313
vt 0.759297 0.823502
vt 0.759297 0.965365
vt 0.761062 0.823498
vt 0.761062 0.965360
vt 0.762792 0.823437
vt 0.762792 0.965300
vt 0.764419 0.823323
vt 0.764419 0.965186
vt 0.765882 0.823160
vt 0.765882 0.965022
vt 0.767124 0.822953
vt 0.767124 0.964816
vt 0.974367 0.972303
vt 0.974367 0.829075
vt 0.975697 0.829186
vt 0.975697 0.972414
vt 0.977201 0.829267
vt 0.977201 0.972494
vt 0.978822 0.829314
vt 0.978822 0.972542
vt 0.980497 0.829327
vt 0.980497 0.972555
vt 0.982163 0.829304
vt 0.982163 0.972532
vt 0.983754 0.829247
vt 0.983754 0.972475
vt 0.985210 0.829157
vt 0.985210 0.972385
vt 0.986475 0.829039
vt 0.986475 0.972267
vt 0.799652 0.965216
vt 0.799652 0.823283
vt 0.801104 0.823124
vt 0.801104 0.965057
vt 0.802724 0.823014
vt 0.802724 0.964947
vt 0.510390 0.918405
vt 0.510390 0.920169
vt 0.510068 0.921898
vt 0.509436 0.923528
vt 0.508518 0.924995
vt 0.507351 0.926243
vt 0.505978 0.927224
vt 0.504452 0.927900
vt 0.502832 0.928246
vt 0.501181 0.928247
vt 0.499561 0.927905
vt 0.498035 0.927231
vt 0.496662 0.926253
vt 0.495494 0.925007
vt 0.494577 0.923542
vt 0.493945 0.921913
vt 0.493623 0.920184
vt 0.493623 0.918421
vt 0.493945 0.916691
vt 0.494577 0.915061
vt 0.495494 0.913594
vt 0.496662 0.912346
vt 0.498035 0.911366
vt 0.499561 0.910689
vt 0.501181 0.910344
vt 0.502832 0.910342
vt 0.504452 0.910685
vt 0.505978 0.911358
vt 0.507351 0.912337
vt 0.508519 0.913582
vt 0.509436 0.915048
vt 0.510068 0.916676
vt 0.804450 0.822957
vt 0.804450 0.964890
vt 0.235278 0.929529
vt 0.235278 0.927767
vt 0.235601 0.926039
vt 0.236232 0.924410
vt 0.237150 0.922943
vt 0.238317 0.921695
vt 0.239690 0.920713
vt 0.241215 0.920035
vt 0.242835 0.919688
vt 0.244486 0.919684
vt 0.246105 0.920024
vt 0.247631 0.920695
vt 0.249003 0.921671
vt 0.250171 0.922914
vt 0.251088 0.924376
vt 0.251720 0.926003
vt 0.252042 0.927730
vt 0.252042 0.929491
vt 0.251720 0.931220
vt 0.251088 0.932849
vt 0.250171 0.934316
vt 0.249003 0.935564
vt 0.247630 0.936546
vt 0.246105 0.937223
vt 0.244486 0.937571
vt 0.242835 0.937574
vt 0.241215 0.937234
vt 0.239690 0.936564
vt 0.238317 0.935588
vt 0.237150 0.934345
vt 0.236232 0.932882
vt 0.235601 0.931256
vt 0.793521 0.964887
vt 0.793521 0.822955
vt 0.795258 0.823008
vt 0.795258 0.964940
vt 0.796900 0.823114
vt 0.796900 0.965047
vt 0.798383 0.823269
vt 0.798383 0.965202
vt 0.799652 0.823467
vt 0.799652 0.965400
vt 0.986475 0.828109
vt 0.986475 0.685479
vt 0.987929 0.685355
vt 0.987929 0.827985
vt 0.989519 0.685273
vt 0.989519 0.827903
vt 0.991185 0.685237
vt 0.991185 0.827867
vt 0.992863 0.685248
vt 0.992863 0.827878
vt 0.994488 0.685306
vt 0.994488 0.827937
vt 0.995999 0.685409
vt 0.995999 0.828039
vt 0.997336 0.685553
vt 0.997336 0.828183
vt 0.922168 0.897344
vt 0.922168 0.755482
vt 0.923423 0.755682
vt 0.923423 0.897544
vt 0.924895 0.755837
vt 0.924895 0.897700
vt 0.926529 0.755943
vt 0.926529 0.897806
vt 0.928262 0.755995
vt 0.928262 0.897857
vt 0.930028 0.755990
vt 0.930028 0.897853
vt 0.931757 0.755930
vt 0.931757 0.897792
vt 0.933385 0.755816
vt 0.933385 0.897678
vt 0.934848 0.755652
vt 0.934848 0.897515
vt 0.936090 0.755446
vt 0.936090 0.897308
vt 0.974367 0.828501
vt 0.974367 0.685273
vt 0.975697 0.685384
vt 0.975697 0.828612
vt 0.977201 0.685465
vt 0.977201 0.828693
vt 0.978822 0.685512
vt 0.978822 0.828740
vt 0.980497 0.685525
vt 0.980497 0.828753
vt 0.982163 0.685502
vt 0.982163 0.828730
vt 0.983754 0.685445
vt 0.983754 0.828673
vt 0.985210 0.685356
vt 0.985210 0.828583
vt 0.986475 0.685237
vt 0.986475 0.828465
vt 0.786957 0.965216
vt 0.786957 0.823283
vt 0.788409 0.823124
vt 0.788409 0.965057
vt 0.790029 0.823014
vt 0.790029 0.964947
vt 0.268810 0.927747
vt 0.268810 0.929511
vt 0.268488 0.931240
vt 0.267855 0.932870
vt 0.266938 0.934337
vt 0.265770 0.935585
vt 0.264397 0.936566
vt 0.262871 0.937242
vt 0.261252 0.937588
vt 0.259600 0.937589
vt 0.257980 0.937247
vt 0.256455 0.936573
vt 0.255081 0.935595
vt 0.253914 0.934349
vt 0.252996 0.932884
vt 0.252364 0.931255
vt 0.252042 0.929526
vt 0.252042 0.927763
vt 0.252364 0.926033
vt 0.252996 0.924403
vt 0.253914 0.922936
vt 0.255082 0.921688
vt 0.256455 0.920708
vt 0.257981 0.920031
vt 0.259600 0.919686
vt 0.261252 0.919684
vt 0.262871 0.920027
vt 0.264397 0.920700
vt 0.265770 0.921679
vt 0.266938 0.922924
vt 0.267856 0.924390
vt 0.268488 0.926018
vt 0.791755 0.822957
vt 0.791755 0.964890
vt 0.218515 0.929529
vt 0.218515 0.927767
vt 0.218837 0.926039
vt 0.219469 0.924410
vt 0.220386 0.922943
vt 0.221554 0.921695
vt 0.222927 0.920713
vt 0.224452 0.920035
vt 0.226071 0.919688
vt 0.227722 0.919684
vt 0.229342 0.920024
vt 0.230867 0.920695
vt 0.232240 0.921671
vt 0.233407 0.922914
vt 0.234325 0.924376
vt 0.234956 0.926003
vt 0.235279 0.927730
vt 0.235279 0.929491
vt 0.234956 0.931220
vt 0.234324 0.932849
vt 0.233407 0.934316
vt 0.232240 0.935564
vt 0.230867 0.936546
vt 0.229341 0.937223
vt 0.227722 0.937571
vt 0.226071 0.937574
vt 0.224452 0.937234
vt 0.222926 0.936564
vt 0.221554 0.935588
vt 0.220386 0.934345
vt 0.219469 0.932882
vt 0.218837 0.931256
vt 0.869472 0.808573
vt 0.879522 0.805456
vt 0.873007 0.815389
vt 0.865129 0.819835
vt 0.481584 0.893162
vt 0.474675 0.893169
vt 0.474645 0.885900
vt 0.481554 0.885893
vt 0.336527 0.336526
vt 0.329618 0.336526
vt 0.329617 0.326792
vt 0.336526 0.326791
vt 0.754324 0.808575
vt 0.763994 0.805560
vt 0.755323 0.816918
vt 0.749596 0.819939
vt 0.481621 0.985951
vt 0.474712 0.985958
vt 0.474645 0.975940
vt 0.481554 0.975933
vt 0.513752 0.971080
vt 0.520661 0.971091
vt 0.520750 0.976475
vt 0.513842 0.976464
vt 0.329637 0.591727
vt 0.336545 0.591710
vt 0.336545 0.648177
vt 0.329637 0.648194
vt 0.754324 0.650409
vt 0.768722 0.650410
vt 0.768722 0.707924
vt 0.754324 0.707924
vt 0.336647 0.489578
vt 0.329738 0.489578
vt 0.329738 0.432182
vt 0.336647 0.432181
vt 0.869472 0.650407
vt 0.883865 0.650407
vt 0.883865 0.707921
vt 0.869472 0.707922
vt 0.869472 0.622425
vt 0.883865 0.622424
vt 0.754324 0.622427
vt 0.768722 0.622427
vt 0.329637 0.564255
vt 0.336545 0.564238
vt 0.329738 0.374786
vt 0.336647 0.374785
vt 0.682333 0.622425
vt 0.711129 0.622426
vt 0.711129 0.650409
vt 0.682333 0.650408
vt 0.797508 0.622428
vt 0.826293 0.622427
vt 0.826293 0.650409
vt 0.797508 0.650410
vt 0.826293 0.707924
vt 0.797508 0.707925
vt 0.711129 0.707923
vt 0.682333 0.707923
vt 0.513669 0.904636
vt 0.520578 0.904647
vt 0.520539 0.933294
vt 0.513630 0.933283
vt 0.682333 0.808574
vt 0.711129 0.808574
vt 0.711129 0.822953
vt 0.682333 0.822952
vt 0.481808 0.959907
vt 0.474899 0.959914
vt 0.474860 0.931338
vt 0.481769 0.931331
vt 0.797508 0.808576
vt 0.826293 0.808575
vt 0.826293 0.822953
vt 0.797508 0.822955
vt 0.797508 0.607662
vt 0.826293 0.607661
vt 0.682333 0.607659
vt 0.711129 0.607660
vt 0.329739 0.553308
vt 0.336647 0.553290
vt 0.754324 0.607661
vt 0.763994 0.612192
vt 0.869472 0.607659
vt 0.879522 0.611788
vt 0.329738 0.346861
vt 0.336647 0.346861
vt 0.826293 0.765439
vt 0.797508 0.765440
vt 0.711129 0.765438
vt 0.682333 0.765437
vt 0.336647 0.518275
vt 0.329738 0.518276
vt 0.336545 0.704644
vt 0.329637 0.704661
vt 0.768722 0.765439
vt 0.754324 0.765439
vt 0.883865 0.765436
vt 0.869472 0.765437
vt 0.336527 0.529793
vt 0.329618 0.529794
vt 0.826293 0.794196
vt 0.797508 0.794197
vt 0.711129 0.794195
vt 0.682333 0.794195
vt 0.336545 0.732877
vt 0.329637 0.732894
vt 0.768722 0.794196
vt 0.754324 0.794196
vt 0.883865 0.794194
vt 0.869472 0.794194
vt 0.855079 0.765437
vt 0.855079 0.794195
vt 0.667934 0.765437
vt 0.667934 0.794195
vt 0.855079 0.707923
vt 0.667934 0.707922
vt 0.855079 0.607659
vt 0.855079 0.622425
vt 0.667934 0.607659
vt 0.667934 0.622425
vt 0.667934 0.808573
vt 0.672277 0.819835
vt 0.513816 0.894207
vt 0.520725 0.894218
vt 0.667934 0.650408
vt 0.855079 0.650408
vt 0.474822 0.902762
vt 0.481731 0.902755
vt 0.855079 0.808573
vt 0.855079 0.822952
vt 0.739926 0.765438
vt 0.739926 0.794196
vt 0.783115 0.765440
vt 0.783115 0.794198
vt 0.739926 0.707924
vt 0.783115 0.707926
vt 0.739926 0.607660
vt 0.739926 0.622426
vt 0.783115 0.607662
vt 0.783115 0.622428
vt 0.783115 0.808577
vt 0.787838 0.819940
vt 0.481647 0.969876
vt 0.474738 0.969883
vt 0.783115 0.650411
vt 0.739926 0.650409
vt 0.520500 0.961940
vt 0.513591 0.961929
vt 0.739926 0.808575
vt 0.739926 0.822953
vt 0.336526 0.540124
vt 0.329617 0.540124
vt 0.336647 0.743135
vt 0.329739 0.743152
vt 0.787838 0.597428
vt 0.797508 0.592896
vt 0.711129 0.592894
vt 0.739926 0.592894
vt 0.672277 0.597023
vt 0.682333 0.592893
vt 0.826293 0.592894
vt 0.855079 0.592893
vt 0.865129 0.597023
vt 0.873007 0.601615
vt 0.749596 0.597426
vt 0.755323 0.600461
vt 0.329717 0.540141
vt 0.336625 0.540124
vt 0.664395 0.601615
vt 0.657879 0.611789
vt 0.653536 0.794194
vt 0.657879 0.805456
vt 0.653536 0.622425
vt 0.653536 0.650407
vt 0.653536 0.707922
vt 0.513842 0.885893
vt 0.520750 0.885904
vt 0.664395 0.815389
vt 0.653536 0.765437
vt 0.782112 0.600462
vt 0.773445 0.612194
vt 0.768722 0.794198
vt 0.773445 0.805562
vt 0.768722 0.622429
vt 0.768722 0.650412
vt 0.768722 0.707926
vt 0.782112 0.816920
vt 0.768722 0.765441
vt 0.996824 0.130537
vt 0.996824 0.000000
vt 0.997227 0.000013
vt 0.997227 0.130550
vt 0.997609 0.000039
vt 0.997609 0.130576
vt 0.997953 0.000078
vt 0.997953 0.130614
vt 0.326842 0.459483
vt 0.326842 0.326806
vt 0.327136 0.326800
vt 0.327136 0.459477
vt 0.327473 0.326796
vt 0.327473 0.459472
vt 0.327840 0.326793
vt 0.327840 0.459469
vt 0.328222 0.326791
vt 0.328222 0.459468
vt 0.328606 0.326792
vt 0.328606 0.459468
vt 0.328975 0.326794
vt 0.328975 0.459471
vt 0.329317 0.326798
vt 0.329317 0.459475
vt 0.329617 0.326804
vt 0.329617 0.459480
vt 0.987576 0.281206
vt 0.987576 0.150801
vt 0.987867 0.150851
vt 0.987867 0.281256
vt 0.988209 0.150889
vt 0.988209 0.281294
vt 0.988588 0.150915
vt 0.988588 0.281320
vt 0.988990 0.150928
vt 0.988990 0.281333
vt 0.989400 0.150927
vt 0.989400 0.281332
vt 0.989802 0.150912
vt 0.989802 0.281316
vt 0.990180 0.150883
vt 0.990180 0.281288
vt 0.990520 0.150842
vt 0.990520 0.281247
vt 0.990808 0.150791
vt 0.990808 0.281196
vt 0.992534 0.265411
vt 0.992534 0.132714
vt 0.992843 0.132711
vt 0.992843 0.265408
vt 0.993191 0.132708
vt 0.993191 0.265405
vt 0.993564 0.132707
vt 0.993564 0.265404
vt 0.993948 0.132707
vt 0.993948 0.265404
vt 0.994327 0.132707
vt 0.994327 0.265404
vt 0.994688 0.132709
vt 0.994688 0.265406
vt 0.995017 0.132712
vt 0.995017 0.265409
vt 0.995300 0.132716
vt 0.995300 0.265413
vt 0.995300 0.130617
vt 0.995300 0.000080
vt 0.995637 0.000041
vt 0.995637 0.130578
vt 0.996013 0.000014
vt 0.996013 0.130551
vt 0.433218 0.810963
vt 0.433291 0.811365
vt 0.433291 0.811775
vt 0.433218 0.812176
vt 0.433073 0.812553
vt 0.432863 0.812893
vt 0.432596 0.813181
vt 0.432282 0.813406
vt 0.431934 0.813561
vt 0.431563 0.813638
vt 0.431186 0.813636
vt 0.430815 0.813554
vt 0.430467 0.813395
vt 0.430153 0.813165
vt 0.429886 0.812874
vt 0.429676 0.812532
vt 0.429531 0.812153
vt 0.429458 0.811750
vt 0.429458 0.811341
vt 0.429531 0.810939
vt 0.429676 0.810562
vt 0.429886 0.810223
vt 0.430153 0.809935
vt 0.430467 0.809709
vt 0.430815 0.809555
vt 0.431186 0.809477
vt 0.431563 0.809479
vt 0.431934 0.809562
vt 0.432282 0.809721
vt 0.432596 0.809950
vt 0.432863 0.810241
vt 0.433073 0.810583
vt 0.996414 0.000000
vt 0.996414 0.130537
vt 0.424684 0.807206
vt 0.424758 0.806803
vt 0.424903 0.806423
vt 0.425113 0.806080
vt 0.425380 0.805788
vt 0.425694 0.805557
vt 0.426043 0.805397
vt 0.426413 0.805314
vt 0.426791 0.805310
vt 0.427161 0.805387
vt 0.427510 0.805540
vt 0.427824 0.805765
vt 0.428091 0.806052
vt 0.428301 0.806391
vt 0.428446 0.806768
vt 0.428519 0.807169
vt 0.428519 0.807579
vt 0.428446 0.807982
vt 0.428301 0.808362
vt 0.428091 0.808705
vt 0.427824 0.808997
vt 0.427510 0.809228
vt 0.427161 0.809388
vt 0.426791 0.809471
vt 0.426413 0.809475
vt 0.426043 0.809398
vt 0.425694 0.809245
vt 0.425380 0.809020
vt 0.425113 0.808733
vt 0.424903 0.808394
vt 0.424758 0.808017
vt 0.424684 0.807616
vt 0.996751 0.660805
vt 0.996751 0.530268
vt 0.997154 0.530281
vt 0.997154 0.660818
vt 0.997536 0.530307
vt 0.997536 0.660844
vt 0.997880 0.530345
vt 0.997880 0.660882
vt 0.326842 0.592174
vt 0.326842 0.459498
vt 0.327136 0.459491
vt 0.327136 0.592168
vt 0.327473 0.459487
vt 0.327473 0.592164
vt 0.327840 0.459484
vt 0.327840 0.592161
vt 0.328222 0.459483
vt 0.328222 0.592159
vt 0.328606 0.459483
vt 0.328606 0.592160
vt 0.328975 0.459486
vt 0.328975 0.592162
vt 0.329317 0.459490
vt 0.329317 0.592166
vt 0.329617 0.459495
vt 0.329617 0.592172
vt 0.917507 0.959135
vt 0.917507 0.828730
vt 0.917798 0.828779
vt 0.917798 0.959184
vt 0.918139 0.828818
vt 0.918139 0.959223
vt 0.918519 0.828844
vt 0.918519 0.959249
vt 0.918921 0.828857
vt 0.918921 0.959262
vt 0.919331 0.828855
vt 0.919331 0.959260
vt 0.919732 0.828840
vt 0.919732 0.959245
vt 0.920110 0.828812
vt 0.920110 0.959217
vt 0.920450 0.828771
vt 0.920450 0.959176
vt 0.920739 0.828720
vt 0.920739 0.959125
vt 0.992534 0.132705
vt 0.992534 0.000008
vt 0.992843 0.000004
vt 0.992843 0.132701
vt 0.993191 0.000002
vt 0.993191 0.132699
vt 0.993564 0.000000
vt 0.993564 0.132697
vt 0.993948 0.000000
vt 0.993948 0.132697
vt 0.994327 0.000001
vt 0.994327 0.132698
vt 0.994688 0.000003
vt 0.994688 0.132700
vt 0.995017 0.000006
vt 0.995017 0.132703
vt 0.995300 0.000010
vt 0.995300 0.132707
vt 0.995227 0.660884
vt 0.995227 0.530348
vt 0.995564 0.530309
vt 0.995564 0.660846
vt 0.995940 0.530282
vt 0.995940 0.660819
vt 0.428445 0.810961
vt 0.428518 0.811363
vt 0.428518 0.811772
vt 0.428445 0.812174
vt 0.428300 0.812551
vt 0.428090 0.812891
vt 0.427823 0.813179
vt 0.427509 0.813404
vt 0.427160 0.813559
vt 0.426790 0.813636
vt 0.426413 0.813634
vt 0.426042 0.813552
vt 0.425693 0.813393
vt 0.425379 0.813163
vt 0.425112 0.812872
vt 0.424903 0.812530
vt 0.424758 0.812150
vt 0.424684 0.811748
vt 0.424684 0.811339
vt 0.424758 0.810937
vt 0.424903 0.810560
vt 0.425112 0.810221
vt 0.425379 0.809933
vt 0.425693 0.809707
vt 0.426042 0.809552
vt 0.426413 0.809475
vt 0.426790 0.809477
vt 0.427160 0.809559
vt 0.427509 0.809718
vt 0.427823 0.809948
vt 0.428090 0.810239
vt 0.428300 0.810581
vt 0.996341 0.530268
vt 0.996341 0.660805
vt 0.429458 0.807208
vt 0.429531 0.806805
vt 0.429676 0.806425
vt 0.429886 0.806082
vt 0.430153 0.805790
vt 0.430467 0.805559
vt 0.430816 0.805399
vt 0.431186 0.805316
vt 0.431564 0.805312
vt 0.431934 0.805389
vt 0.432283 0.805542
vt 0.432597 0.805767
vt 0.432864 0.806054
vt 0.433074 0.806393
vt 0.433219 0.806770
vt 0.433293 0.807172
vt 0.433293 0.807581
vt 0.433219 0.807984
vt 0.433074 0.808364
vt 0.432864 0.808707
vt 0.432597 0.808999
vt 0.432283 0.809230
vt 0.431934 0.809390
vt 0.431564 0.809473
vt 0.431186 0.809477
vt 0.430816 0.809400
vt 0.430467 0.809247
vt 0.430153 0.809022
vt 0.429886 0.808735
vt 0.429676 0.808396
vt 0.429531 0.808019
vt 0.429458 0.807618
vt 0.998403 0.413322
vt 0.998403 0.282990
vt 0.998806 0.282976
vt 0.998806 0.413308
vt 0.999187 0.282949
vt 0.999187 0.413281
vt 0.999532 0.282909
vt 0.999532 0.413241
vt 0.957916 0.478863
vt 0.957916 0.346268
vt 0.958210 0.346279
vt 0.958210 0.478874
vt 0.958546 0.346288
vt 0.958546 0.478883
vt 0.958912 0.346293
vt 0.958912 0.478889
vt 0.959295 0.346295
vt 0.959295 0.478891
vt 0.959678 0.346294
vt 0.959678 0.478890
vt 0.960048 0.346290
vt 0.960048 0.478886
vt 0.960390 0.346283
vt 0.960390 0.478878
vt 0.960691 0.346272
vt 0.960691 0.478868
vt 0.768255 0.953564
vt 0.768255 0.823079
vt 0.768546 0.823031
vt 0.768546 0.953515
vt 0.768888 0.822993
vt 0.768888 0.953477
vt 0.769267 0.822967
vt 0.769267 0.953452
vt 0.769669 0.822955
vt 0.769669 0.953439
vt 0.770079 0.822956
vt 0.770079 0.953440
vt 0.770480 0.822971
vt 0.770481 0.953455
vt 0.770859 0.822999
vt 0.770859 0.953483
vt 0.771198 0.823039
vt 0.771198 0.953523
vt 0.771487 0.823089
vt 0.771487 0.953574
vt 0.992460 0.662930
vt 0.992460 0.530285
vt 0.992767 0.530278
vt 0.992767 0.662923
vt 0.993114 0.530272
vt 0.993114 0.662917
vt 0.993486 0.530269
vt 0.993486 0.662914
vt 0.993869 0.530268
vt 0.993869 0.662913
vt 0.994249 0.530270
vt 0.994249 0.662915
vt 0.994611 0.530274
vt 0.994611 0.662919
vt 0.994942 0.530280
vt 0.994942 0.662925
vt 0.995227 0.530289
vt 0.995227 0.662934
vt 0.996879 0.413239
vt 0.996879 0.282907
vt 0.997216 0.282947
vt 0.997216 0.413279
vt 0.997592 0.282975
vt 0.997592 0.413307
vt 0.826065 0.577166
vt 0.826065 0.577576
vt 0.825991 0.577978
vt 0.825847 0.578357
vt 0.825638 0.578699
vt 0.825371 0.578990
vt 0.825058 0.579220
vt 0.824710 0.579379
vt 0.824340 0.579461
vt 0.823963 0.579463
vt 0.823593 0.579386
vt 0.823245 0.579231
vt 0.822932 0.579005
vt 0.822665 0.578717
vt 0.822456 0.578378
vt 0.822312 0.578000
vt 0.822238 0.577599
vt 0.822238 0.577189
vt 0.822312 0.576787
vt 0.822456 0.576408
vt 0.822665 0.576066
vt 0.822932 0.575775
vt 0.823245 0.575545
vt 0.823593 0.575386
vt 0.823963 0.575304
vt 0.824340 0.575302
vt 0.824710 0.575379
vt 0.825058 0.575534
vt 0.825371 0.575760
vt 0.825638 0.576048
vt 0.825847 0.576387
vt 0.825991 0.576765
vt 0.997993 0.282990
vt 0.997993 0.413322
vt 0.424692 0.815905
vt 0.424692 0.815496
vt 0.424765 0.815094
vt 0.424910 0.814717
vt 0.425119 0.814378
vt 0.425386 0.814091
vt 0.425699 0.813866
vt 0.426047 0.813713
vt 0.426417 0.813636
vt 0.426794 0.813640
vt 0.427164 0.813723
vt 0.427512 0.813883
vt 0.427826 0.814114
vt 0.428092 0.814406
vt 0.428302 0.814749
vt 0.428446 0.815129
vt 0.428519 0.815532
vt 0.428519 0.815942
vt 0.428446 0.816343
vt 0.428302 0.816720
vt 0.428092 0.817059
vt 0.427826 0.817346
vt 0.427512 0.817571
vt 0.427164 0.817724
vt 0.426794 0.817801
vt 0.426417 0.817797
vt 0.426047 0.817714
vt 0.425699 0.817554
vt 0.425386 0.817323
vt 0.425119 0.817031
vt 0.424910 0.816688
vt 0.424765 0.816308
vt 0.996824 0.261032
vt 0.996824 0.130700
vt 0.997227 0.130686
vt 0.997227 0.261018
vt 0.997609 0.130659
vt 0.997609 0.260991
vt 0.997953 0.130619
vt 0.997953 0.260951
vt 0.326842 0.724770
vt 0.327135 0.592185
vt 0.327135 0.724781
vt 0.327471 0.592194
vt 0.327471 0.724789
vt 0.327838 0.592200
vt 0.327838 0.724795
vt 0.328220 0.592202
vt 0.328220 0.724797
vt 0.328603 0.592201
vt 0.328603 0.724796
vt 0.328973 0.592197
vt 0.328973 0.724792
vt 0.329315 0.592189
vt 0.329315 0.724784
vt 0.329617 0.592179
vt 0.329617 0.724774
vt 0.328334 0.873761
vt 0.328334 0.743276
vt 0.328625 0.743228
vt 0.328625 0.873712
vt 0.328967 0.743190
vt 0.328967 0.873674
vt 0.329346 0.743164
vt 0.329346 0.873648
vt 0.329748 0.743152
vt 0.329748 0.873636
vt 0.330158 0.743153
vt 0.330158 0.873637
vt 0.330560 0.743168
vt 0.330560 0.873652
vt 0.330938 0.743196
vt 0.330938 0.873680
vt 0.331278 0.743236
vt 0.331278 0.873720
vt 0.331567 0.743286
vt 0.331567 0.873771
vt 0.957916 0.611553
vt 0.957916 0.478908
vt 0.958224 0.478900
vt 0.958224 0.611546
vt 0.958570 0.478895
vt 0.958570 0.611540
vt 0.958942 0.478892
vt 0.958942 0.611537
vt 0.959325 0.478891
vt 0.959325 0.611536
vt 0.959706 0.478893
vt 0.959706 0.611538
vt 0.960068 0.478897
vt 0.960068 0.611542
vt 0.960398 0.478903
vt 0.960398 0.611548
vt 0.960684 0.478912
vt 0.960684 0.611557
vt 0.995300 0.260948
vt 0.995300 0.130617
vt 0.995637 0.130657
vt 0.995637 0.260989
vt 0.996013 0.130685
vt 0.996013 0.261017
vt 0.826065 0.581327
vt 0.826065 0.581737
vt 0.825991 0.582139
vt 0.825847 0.582519
vt 0.825638 0.582860
vt 0.825371 0.583152
vt 0.825058 0.583381
vt 0.824710 0.583540
vt 0.824340 0.583622
vt 0.823963 0.583625
vt 0.823593 0.583547
vt 0.823245 0.583392
vt 0.822932 0.583167
vt 0.822665 0.582879
vt 0.822456 0.582539
vt 0.822312 0.582162
vt 0.822238 0.581760
vt 0.822238 0.581351
vt 0.822312 0.580949
vt 0.822456 0.580569
vt 0.822665 0.580227
vt 0.822932 0.579936
vt 0.823245 0.579707
vt 0.823593 0.579548
vt 0.823963 0.579466
vt 0.824340 0.579463
vt 0.824710 0.579541
vt 0.825058 0.579695
vt 0.825371 0.579921
vt 0.825638 0.580209
vt 0.825847 0.580548
vt 0.825991 0.580926
vt 0.996414 0.130700
vt 0.996414 0.261031
vt 0.429458 0.815907
vt 0.429458 0.815498
vt 0.429531 0.815096
vt 0.429675 0.814719
vt 0.429885 0.814380
vt 0.430151 0.814093
vt 0.430465 0.813868
vt 0.430813 0.813715
vt 0.431183 0.813638
vt 0.431560 0.813642
vt 0.431930 0.813725
vt 0.432278 0.813885
vt 0.432591 0.814116
vt 0.432858 0.814408
vt 0.433067 0.814751
vt 0.433212 0.815131
vt 0.433285 0.815534
vt 0.433285 0.815944
vt 0.433212 0.816345
vt 0.433067 0.816722
vt 0.432858 0.817061
vt 0.432591 0.817348
vt 0.432278 0.817573
vt 0.431930 0.817726
vt 0.431560 0.817803
vt 0.431183 0.817799
vt 0.430813 0.817716
vt 0.430465 0.817556
vt 0.430151 0.817325
vt 0.429885 0.817033
vt 0.429675 0.816690
vt 0.429531 0.816310
vt 0.933920 0.663746
vt 0.942760 0.663748
vt 0.955031 0.675933
vt 0.946191 0.674644
vt 0.930302 0.445437
vt 0.930197 0.464476
vt 0.921435 0.464485
vt 0.921540 0.445445
vt 0.912426 0.912423
vt 0.912426 0.931463
vt 0.899119 0.928711
vt 0.899119 0.909671
vt 0.311377 0.943577
vt 0.319248 0.943581
vt 0.321142 0.948573
vt 0.312649 0.951453
vt 0.902643 0.840388
vt 0.883865 0.840794
vt 0.884229 0.829126
vt 0.903006 0.828719
vt 0.474645 0.899891
vt 0.474645 0.918935
vt 0.465575 0.918940
vt 0.465575 0.899897
vt 0.903067 0.879700
vt 0.884290 0.880106
vt 0.884181 0.870068
vt 0.902959 0.869662
vt 0.314076 0.904181
vt 0.322267 0.904183
vt 0.322267 0.914242
vt 0.314076 0.914240
vt 0.902688 0.795496
vt 0.883865 0.794944
vt 0.883865 0.785072
vt 0.902688 0.785624
vt 0.933920 0.624350
vt 0.942760 0.624352
vt 0.942760 0.634411
vt 0.933920 0.634409
vt 0.933920 0.604232
vt 0.942760 0.604235
vt 0.942760 0.614293
vt 0.933920 0.614291
vt 0.311377 0.884064
vt 0.319248 0.884068
vt 0.322267 0.894124
vt 0.314076 0.894122
vt 0.903284 0.899775
vt 0.884507 0.900181
vt 0.884398 0.890143
vt 0.903176 0.889737
vt 0.902688 0.775749
vt 0.883865 0.775197
vt 0.883865 0.765321
vt 0.902688 0.765873
vt 0.902688 0.814427
vt 0.883865 0.813874
vt 0.883865 0.804816
vt 0.902688 0.805368
vt 0.902850 0.859628
vt 0.884073 0.860035
vt 0.883964 0.850001
vt 0.902742 0.849595
vt 0.314076 0.924295
vt 0.322267 0.924297
vt 0.322267 0.934352
vt 0.314076 0.934350
vt 0.933920 0.644464
vt 0.942760 0.644466
vt 0.942760 0.654521
vt 0.933920 0.654519
vt 0.911992 0.859115
vt 0.911884 0.849082
vt 0.912099 0.814703
vt 0.912099 0.805644
vt 0.912099 0.776025
vt 0.912099 0.766149
vt 0.912426 0.899262
vt 0.912318 0.889224
vt 0.912099 0.795772
vt 0.912099 0.785900
vt 0.912209 0.879187
vt 0.912101 0.869149
vt 0.474515 0.890389
vt 0.465333 0.890410
vt 0.911784 0.839875
vt 0.912426 0.831389
vt 0.912426 0.902903
vt 0.899275 0.900181
vt 0.930003 0.435847
vt 0.921435 0.435894
vt 0.929455 0.432121
vt 0.921521 0.430646
vt 0.452599 0.895940
vt 0.438620 0.895952
vt 0.450891 0.885893
vt 0.451441 0.888073
vt 0.329471 0.943588
vt 0.322053 0.951607
vt 0.474027 0.885893
vt 0.465473 0.887440
vt 0.329471 0.904192
vt 0.329471 0.914251
vt 0.449901 0.936171
vt 0.438620 0.936184
vt 0.438620 0.926129
vt 0.449901 0.926116
vt 0.329471 0.884075
vt 0.329471 0.894134
vt 0.449901 0.916057
vt 0.438620 0.916070
vt 0.438620 0.906011
vt 0.449901 0.905999
vt 0.452599 0.955453
vt 0.438620 0.955466
vt 0.438620 0.946239
vt 0.449901 0.946227
vt 0.329471 0.924306
vt 0.329471 0.934362
vt 0.321108 0.878574
vt 0.322053 0.876392
vt 0.902688 0.755998
vt 0.912099 0.756274
vt 0.452599 0.902548
vt 0.457413 0.892466
vt 0.452599 0.921592
vt 0.312616 0.876198
vt 0.946191 0.594173
vt 0.955031 0.592893
vt 0.883865 0.755446
vt 0.917939 0.824828
vt 0.912757 0.827732
vt 0.922168 0.817308
vt 0.903346 0.828720
vt 0.884523 0.828167
vt 0.033994 0.882630
vt 0.033994 0.919686
vt 0.009378 0.902218
vt 0.000000 0.882632
vt 0.827845 0.913860
vt 0.827377 0.940453
vt 0.812347 0.940511
vt 0.812815 0.913918
vt 0.268810 0.349398
vt 0.269212 0.326829
vt 0.284241 0.326791
vt 0.283839 0.349361
vt 0.687542 0.555836
vt 0.687542 0.592892
vt 0.661761 0.575423
vt 0.653536 0.555836
vt 0.299286 0.865127
vt 0.299271 0.885202
vt 0.284241 0.885203
vt 0.284255 0.865127
vt 0.828135 0.850234
vt 0.828305 0.822955
vt 0.843335 0.823022
vt 0.843165 0.850302
vt 0.299286 0.458237
vt 0.299286 0.606272
vt 0.284255 0.606272
vt 0.284255 0.458238
vt 0.687542 0.148105
vt 0.687542 0.296446
vt 0.653536 0.296445
vt 0.653536 0.148104
vt 0.268810 0.749613
vt 0.268810 0.604091
vt 0.283839 0.604053
vt 0.283839 0.749575
vt 0.033994 0.474899
vt 0.033994 0.623240
vt -0.000000 0.623241
vt 0.000000 0.474900
vt 0.033994 0.437873
vt 0.000000 0.437874
vt 0.687542 0.111079
vt 0.653536 0.111078
vt 0.299286 0.421287
vt 0.284255 0.421288
vt 0.268810 0.458453
vt 0.283839 0.458416
vt 0.268810 0.785993
vt 0.283839 0.785956
vt 0.299286 0.754189
vt 0.284255 0.754190
vt 0.687542 0.444669
vt 0.653536 0.444668
vt 0.033994 0.771463
vt -0.000000 0.771464
vt 0.101981 0.623237
vt 0.101981 0.771460
vt 0.067987 0.771462
vt 0.067987 0.623239
vt 0.755555 0.296447
vt 0.755555 0.444670
vt 0.721549 0.444670
vt 0.721549 0.296447
vt 0.755555 0.111080
vt 0.755555 0.148106
vt 0.721549 0.148106
vt 0.721549 0.111079
vt 0.101981 0.437870
vt 0.101981 0.474896
vt 0.067987 0.474898
vt 0.067987 0.437871
vt 0.827845 0.917892
vt 0.827990 0.884063
vt 0.843020 0.884131
vt 0.842875 0.917959
vt 0.755555 0.555837
vt 0.755555 0.592893
vt 0.721549 0.592893
vt 0.721549 0.555837
vt 0.827555 0.846368
vt 0.827700 0.880114
vt 0.812670 0.880173
vt 0.812525 0.846427
vt 0.101981 0.882627
vt 0.101981 0.919683
vt 0.067987 0.919685
vt 0.067987 0.882629
vt 0.101981 0.808516
vt 0.101981 0.845572
vt 0.067987 0.845573
vt 0.067987 0.808517
vt 0.755555 0.481726
vt 0.755555 0.518782
vt 0.721549 0.518781
vt 0.721549 0.481725
vt 0.268810 0.858754
vt 0.268810 0.822374
vt 0.283839 0.822336
vt 0.283839 0.858717
vt 0.299286 0.791168
vt 0.299286 0.828147
vt 0.284255 0.828148
vt 0.284255 0.791169
vt 0.687542 0.481725
vt 0.687542 0.518780
vt 0.653536 0.518780
vt 0.653536 0.481724
vt 0.033994 0.808519
vt 0.033994 0.845575
vt 0.000000 0.845576
vt -0.000000 0.808520
vt 0.269212 0.876198
vt 0.284241 0.876160
vt 0.101981 0.363818
vt 0.101981 0.400844
vt 0.067987 0.400845
vt 0.067987 0.363819
vt 0.755555 0.037028
vt 0.755555 0.074054
vt 0.721549 0.074053
vt 0.721549 0.037027
vt 0.299286 0.347387
vt 0.299286 0.384337
vt 0.284255 0.384338
vt 0.284255 0.347388
vt 0.687542 0.037026
vt 0.687542 0.074053
vt 0.653536 0.074052
vt 0.653536 0.037026
vt 0.033994 0.363820
vt 0.033994 0.400847
vt 0.000000 0.400848
vt 0.000000 0.363822
vt 0.268810 0.422101
vt 0.268810 0.385750
vt 0.283839 0.385713
vt 0.283839 0.422064
vt 0.033994 0.326794
vt 0.009378 0.342653
vt 0.687542 0.000000
vt 0.661761 0.015858
vt 0.299271 0.326791
vt 0.284241 0.326792
vt 0.755555 0.000001
vt 0.721549 0.000001
vt 0.101981 0.326791
vt 0.067987 0.326793
vt 0.127752 0.342648
vt 0.135974 0.363816
vt 0.135974 0.400842
vt 0.135974 0.845570
vt 0.135974 0.882626
vt 0.135974 0.808514
vt 0.127752 0.902214
vt 0.827377 0.822955
vt 0.812347 0.823013
vt 0.135974 0.474895
vt 0.135974 0.623236
vt 0.135974 0.437869
vt 0.135974 0.771459
vt 0.780171 0.015859
vt 0.789561 0.037028
vt 0.789561 0.074054
vt 0.789561 0.518782
vt 0.789561 0.555838
vt 0.789561 0.481727
vt 0.780171 0.575425
vt 0.828305 0.940741
vt 0.843335 0.940809
vt 0.789561 0.148107
vt 0.789561 0.296448
vt 0.789561 0.111081
vt 0.789561 0.444671
vt 0.985054 0.528352
vt 0.984585 0.528348
vt 0.984585 0.432123
vt 0.985054 0.432127
vt 0.984133 0.528333
vt 0.984133 0.432108
vt 0.983716 0.528309
vt 0.983716 0.432084
vt 0.983350 0.528277
vt 0.983350 0.432052
vt 0.976150 0.432050
vt 0.976536 0.432075
vt 0.976536 0.528491
vt 0.976150 0.528466
vt 0.976977 0.432093
vt 0.976977 0.528509
vt 0.977454 0.432104
vt 0.977454 0.528520
vt 0.977951 0.432107
vt 0.977951 0.528523
vt 0.978448 0.432104
vt 0.978448 0.528520
vt 0.978925 0.432092
vt 0.978925 0.528508
vt 0.979365 0.432074
vt 0.979365 0.528490
vt 0.979750 0.432050
vt 0.979750 0.528466
vt 0.336647 0.989168
vt 0.336287 0.989128
vt 0.336287 0.893134
vt 0.336647 0.893173
vt 0.335874 0.989098
vt 0.335874 0.893104
vt 0.335425 0.989080
vt 0.335425 0.893085
vt 0.334956 0.989073
vt 0.334956 0.893079
vt 0.334487 0.989079
vt 0.334487 0.893084
vt 0.334034 0.989096
vt 0.334034 0.893101
vt 0.333616 0.989124
vt 0.333616 0.893130
vt 0.333248 0.989163
vt 0.333248 0.893168
vt 0.979750 0.432119
vt 0.980136 0.432089
vt 0.980136 0.528361
vt 0.979750 0.528390
vt 0.980577 0.432068
vt 0.980577 0.528339
vt 0.981054 0.432054
vt 0.981054 0.528326
vt 0.981551 0.432050
vt 0.981551 0.528321
vt 0.982048 0.432054
vt 0.982048 0.528326
vt 0.982525 0.432068
vt 0.982525 0.528339
vt 0.982965 0.432090
vt 0.982965 0.528361
vt 0.983350 0.432119
vt 0.983350 0.528391
vt 0.986750 0.528275
vt 0.986387 0.528307
vt 0.986387 0.432083
vt 0.986750 0.432050
vt 0.985973 0.528332
vt 0.985973 0.432107
vt 0.426452 0.800326
vt 0.425991 0.800225
vt 0.425557 0.800032
vt 0.425166 0.799752
vt 0.424833 0.799398
vt 0.424572 0.798982
vt 0.424392 0.798521
vt 0.424300 0.798032
vt 0.424300 0.797534
vt 0.424392 0.797046
vt 0.424572 0.796587
vt 0.424833 0.796175
vt 0.425166 0.795825
vt 0.425557 0.795551
vt 0.425991 0.795364
vt 0.426452 0.795270
vt 0.426922 0.795273
vt 0.427383 0.795373
vt 0.427818 0.795567
vt 0.428209 0.795846
vt 0.428541 0.796201
vt 0.428803 0.796617
vt 0.428983 0.797078
vt 0.429074 0.797567
vt 0.429074 0.798065
vt 0.428983 0.798553
vt 0.428803 0.799011
vt 0.428541 0.799424
vt 0.428209 0.799774
vt 0.427818 0.800047
vt 0.427384 0.800235
vt 0.426922 0.800329
vt 0.985522 0.528347
vt 0.985522 0.432122
vt 0.431226 0.800247
vt 0.430765 0.800151
vt 0.430331 0.799962
vt 0.429940 0.799689
vt 0.429607 0.799341
vt 0.429346 0.798933
vt 0.429166 0.798480
vt 0.429074 0.797999
vt 0.429074 0.797509
vt 0.429166 0.797028
vt 0.429346 0.796575
vt 0.429607 0.796168
vt 0.429940 0.795823
vt 0.430331 0.795551
vt 0.430765 0.795364
vt 0.431226 0.795270
vt 0.431697 0.795271
vt 0.432158 0.795368
vt 0.432592 0.795556
vt 0.432983 0.795829
vt 0.433316 0.796177
vt 0.433577 0.796585
vt 0.433757 0.797038
vt 0.433849 0.797519
vt 0.433849 0.798010
vt 0.433757 0.798490
vt 0.433577 0.798943
vt 0.433316 0.799350
vt 0.432983 0.799696
vt 0.432592 0.799967
vt 0.432158 0.800154
vt 0.431697 0.800248
vt 0.435396 0.808455
vt 0.435396 0.812459
vt 0.434982 0.812454
vt 0.434982 0.808450
vt 0.434583 0.812439
vt 0.434583 0.808435
vt 0.434215 0.812415
vt 0.434215 0.808411
vt 0.433892 0.812383
vt 0.433892 0.808379
vt 0.433293 0.808327
vt 0.433293 0.804316
vt 0.433679 0.804337
vt 0.433679 0.808349
vt 0.434119 0.804353
vt 0.434119 0.808365
vt 0.434597 0.804363
vt 0.434597 0.808374
vt 0.435093 0.804366
vt 0.435093 0.808378
vt 0.435590 0.804363
vt 0.435590 0.808374
vt 0.436067 0.804353
vt 0.436067 0.808364
vt 0.436507 0.804337
vt 0.436507 0.808348
vt 0.436893 0.804315
vt 0.436893 0.808327
vt 0.436850 0.795364
vt 0.436850 0.799358
vt 0.436532 0.799318
vt 0.436532 0.795325
vt 0.436168 0.799289
vt 0.436168 0.795295
vt 0.435771 0.799270
vt 0.435771 0.795276
vt 0.435358 0.799264
vt 0.435358 0.795270
vt 0.434943 0.799269
vt 0.434943 0.795275
vt 0.434544 0.799286
vt 0.434544 0.795292
vt 0.434174 0.799315
vt 0.434174 0.795321
vt 0.433849 0.799354
vt 0.433849 0.795360
vt 0.433293 0.804315
vt 0.433293 0.800309
vt 0.433679 0.800283
vt 0.433679 0.804289
vt 0.434119 0.800264
vt 0.434119 0.804270
vt 0.434597 0.800252
vt 0.434597 0.804258
vt 0.435094 0.800248
vt 0.435094 0.804254
vt 0.435590 0.800252
vt 0.435590 0.804258
vt 0.436067 0.800264
vt 0.436067 0.804270
vt 0.436507 0.800284
vt 0.436507 0.804289
vt 0.436893 0.800310
vt 0.436893 0.808378
vt 0.436893 0.812381
vt 0.436573 0.812414
vt 0.436573 0.808410
vt 0.436207 0.812438
vt 0.436207 0.808435
vt 0.426618 0.805301
vt 0.426202 0.805310
vt 0.425795 0.805224
vt 0.425411 0.805045
vt 0.425065 0.804781
vt 0.424771 0.804441
vt 0.424540 0.804039
vt 0.424381 0.803590
vt 0.424300 0.803111
vt 0.424300 0.802622
vt 0.424381 0.802140
vt 0.424540 0.801684
vt 0.424771 0.801271
vt 0.425065 0.800918
vt 0.425411 0.800639
vt 0.425795 0.800443
vt 0.426202 0.800338
vt 0.426618 0.800329
vt 0.427025 0.800415
vt 0.427409 0.800594
vt 0.427755 0.800859
vt 0.428049 0.801198
vt 0.428279 0.801601
vt 0.428438 0.802049
vt 0.428519 0.802528
vt 0.428519 0.803018
vt 0.428438 0.803500
vt 0.428279 0.803956
vt 0.428048 0.804368
vt 0.427755 0.804721
vt 0.427409 0.805001
vt 0.427025 0.805197
vt 0.435810 0.812453
vt 0.435810 0.808450
vt 0.431391 0.805312
vt 0.430976 0.805299
vt 0.430568 0.805189
vt 0.430184 0.804987
vt 0.429839 0.804700
vt 0.429545 0.804339
vt 0.429314 0.803918
vt 0.429155 0.803453
vt 0.429074 0.802963
vt 0.429074 0.802465
vt 0.429155 0.801980
vt 0.429314 0.801525
vt 0.429545 0.801119
vt 0.429839 0.800776
vt 0.430184 0.800511
vt 0.430568 0.800333
vt 0.430976 0.800248
vt 0.431391 0.800261
vt 0.431799 0.800371
vt 0.432182 0.800574
vt 0.432528 0.800861
vt 0.432822 0.801222
vt 0.433052 0.801643
vt 0.433211 0.802108
vt 0.433292 0.802598
vt 0.433292 0.803095
vt 0.433211 0.803581
vt 0.433052 0.804035
vt 0.432822 0.804442
vt 0.432528 0.804784
vt 0.432182 0.805050
vt 0.431799 0.805228
vt 0.998213 0.075520
vt 0.999395 0.076329
vt 0.999390 0.091055
vt 0.998208 0.090246
vt 0.999375 0.105213
vt 0.998193 0.104404
vt 0.999351 0.118260
vt 0.998169 0.117451
vt 0.999319 0.129694
vt 0.998137 0.128885
vt 0.999279 0.139076
vt 0.998097 0.138267
vt 0.999235 0.146045
vt 0.998052 0.145236
vt 0.999186 0.150334
vt 0.998004 0.149525
vt 0.999135 0.151777
vt 0.997953 0.150968
vt 0.998515 0.827374
vt 0.997336 0.828183
vt 0.997397 0.826727
vt 0.998576 0.825918
vt 0.997456 0.822426
vt 0.998635 0.821617
vt 0.997511 0.815445
vt 0.998690 0.814636
vt 0.997558 0.806053
vt 0.998737 0.805244
vt 0.997598 0.794610
vt 0.998777 0.793801
vt 0.997627 0.781557
vt 0.998806 0.780748
vt 0.997645 0.767394
vt 0.998824 0.766585
vt 0.997651 0.752667
vt 0.998830 0.751858
vt 0.997645 0.737941
vt 0.998824 0.737132
vt 0.997627 0.723782
vt 0.998806 0.722973
vt 0.997598 0.710734
vt 0.998777 0.709925
vt 0.997558 0.699298
vt 0.998737 0.698489
vt 0.997511 0.689915
vt 0.998690 0.689106
vt 0.997456 0.682944
vt 0.998635 0.682135
vt 0.997397 0.678654
vt 0.998576 0.677845
vt 0.997336 0.677209
vt 0.998515 0.676400
vt 0.997953 -0.000000
vt 0.999135 0.000809
vt 0.999186 0.002266
vt 0.998004 0.001457
vt 0.999234 0.006569
vt 0.998052 0.005760
vt 0.999279 0.013550
vt 0.998097 0.012741
vt 0.999319 0.022943
vt 0.998137 0.022134
vt 0.999351 0.034386
vt 0.998169 0.033578
vt 0.999375 0.047440
vt 0.998193 0.046631
vt 0.986943 0.372296
vt 0.986943 0.357691
vt 0.987039 0.343089
vt 0.987227 0.329050
vt 0.987501 0.316115
vt 0.987849 0.304781
vt 0.988258 0.295482
vt 0.988713 0.288577
vt 0.989195 0.284331
vt 0.989687 0.282907
vt 0.990170 0.284359
vt 0.990625 0.288632
vt 0.991034 0.295562
vt 0.991382 0.304882
vt 0.991655 0.316234
vt 0.991844 0.329182
vt 0.991940 0.343229
vt 0.991940 0.357834
vt 0.991844 0.372436
vt 0.991655 0.386474
vt 0.991382 0.399409
vt 0.991034 0.410744
vt 0.990625 0.420042
vt 0.990170 0.426947
vt 0.989687 0.431193
vt 0.989195 0.432618
vt 0.988713 0.431165
vt 0.988258 0.426892
vt 0.987849 0.419963
vt 0.987501 0.410643
vt 0.987227 0.399290
vt 0.987039 0.386342
vt 0.999390 0.061602
vt 0.998208 0.060793
vt 0.336647 0.818087
vt 0.336647 0.832712
vt 0.336550 0.846777
vt 0.336358 0.859739
vt 0.336080 0.871103
vt 0.335726 0.880429
vt 0.335310 0.887362
vt 0.334848 0.891633
vt 0.334357 0.893079
vt 0.333857 0.891644
vt 0.333366 0.887383
vt 0.332904 0.880460
vt 0.332488 0.871142
vt 0.332134 0.859786
vt 0.331856 0.846828
vt 0.331664 0.832767
vt 0.331567 0.818143
vt 0.331567 0.803518
vt 0.331664 0.789454
vt 0.331856 0.776491
vt 0.332134 0.765128
vt 0.332488 0.755801
vt 0.332904 0.748869
vt 0.333366 0.744598
vt 0.333857 0.743152
vt 0.334357 0.744587
vt 0.334848 0.748847
vt 0.335310 0.755770
vt 0.335726 0.765088
vt 0.336080 0.776444
vt 0.336358 0.789402
vt 0.336550 0.803463
vt 0.998818 0.904559
vt 1.000000 0.905368
vt 0.999995 0.920094
vt 0.998813 0.919285
vt 0.999980 0.934252
vt 0.998798 0.933443
vt 0.999956 0.947299
vt 0.998774 0.946490
vt 0.999924 0.958733
vt 0.998742 0.957924
vt 0.999885 0.968115
vt 0.998702 0.967306
vt 0.999840 0.975084
vt 0.998658 0.974275
vt 0.999791 0.979373
vt 0.998609 0.978564
vt 0.999740 0.980816
vt 0.998558 0.980007
vt 0.999059 0.660075
vt 0.997880 0.660884
vt 0.997942 0.659428
vt 0.999121 0.658619
vt 0.998001 0.655127
vt 0.999180 0.654318
vt 0.998055 0.648146
vt 0.999234 0.647337
vt 0.998103 0.638754
vt 0.999282 0.637945
vt 0.998142 0.627312
vt 0.999321 0.626503
vt 0.998171 0.614258
vt 0.999350 0.613449
vt 0.998189 0.600096
vt 0.999368 0.599287
vt 0.998195 0.585368
vt 0.999374 0.584559
vt 0.998189 0.570642
vt 0.999368 0.569833
vt 0.998171 0.556483
vt 0.999350 0.555674
vt 0.998142 0.543435
vt 0.999321 0.542626
vt 0.998103 0.532000
vt 0.999282 0.531191
vt 0.998055 0.522616
vt 0.999234 0.521807
vt 0.998001 0.515646
vt 0.999180 0.514837
vt 0.997942 0.511355
vt 0.999121 0.510546
vt 0.997880 0.509911
vt 0.999059 0.509102
vt 0.998558 0.829039
vt 0.999740 0.829848
vt 0.999791 0.831305
vt 0.998609 0.830496
vt 0.999840 0.835608
vt 0.998658 0.834799
vt 0.999885 0.842589
vt 0.998702 0.841780
vt 0.999924 0.851982
vt 0.998742 0.851173
vt 0.999956 0.863425
vt 0.998774 0.862616
vt 0.999980 0.876479
vt 0.998798 0.875670
vt 0.987463 0.619657
vt 0.987463 0.605052
vt 0.987559 0.590450
vt 0.987748 0.576411
vt 0.988021 0.563477
vt 0.988369 0.552142
vt 0.988778 0.542844
vt 0.989233 0.535939
vt 0.989716 0.531692
vt 0.990208 0.530268
vt 0.990690 0.531720
vt 0.991145 0.535993
vt 0.991554 0.542923
vt 0.991902 0.552243
vt 0.992176 0.563595
vt 0.992364 0.576543
vt 0.992460 0.590590
vt 0.992460 0.605195
vt 0.992364 0.619797
vt 0.992176 0.633835
vt 0.991902 0.646770
vt 0.991554 0.658105
vt 0.991145 0.667403
vt 0.990690 0.674308
vt 0.990208 0.678554
vt 0.989716 0.679979
vt 0.989233 0.678527
vt 0.988778 0.674254
vt 0.988369 0.667324
vt 0.988021 0.658004
vt 0.987748 0.646652
vt 0.987559 0.633703
vt 0.999995 0.890641
vt 0.998813 0.889832
vt 0.917507 0.903655
vt 0.917507 0.918280
vt 0.917409 0.932344
vt 0.917218 0.945307
vt 0.916940 0.956670
vt 0.916586 0.965997
vt 0.916170 0.972929
vt 0.915708 0.977201
vt 0.915217 0.978646
vt 0.914716 0.977211
vt 0.914226 0.972951
vt 0.913763 0.966028
vt 0.913347 0.956710
vt 0.912993 0.945354
vt 0.912715 0.932396
vt 0.912524 0.918335
vt 0.912426 0.903711
vt 0.912426 0.889086
vt 0.912524 0.875022
vt 0.912715 0.862059
vt 0.912993 0.850696
vt 0.913347 0.841369
vt 0.913763 0.834436
vt 0.914226 0.830165
vt 0.914716 0.828720
vt 0.915217 0.830155
vt 0.915708 0.834415
vt 0.916170 0.841338
vt 0.916586 0.850656
vt 0.916940 0.862012
vt 0.917218 0.874970
vt 0.917409 0.889031
vt 0.962230 0.773122
vt 0.949740 0.773121
vt 0.949718 0.741585
vt 0.962208 0.741585
vt 0.949675 0.711910
vt 0.962164 0.711910
vt 0.949613 0.685237
vt 0.962102 0.685237
vt 0.944783 0.578461
vt 0.932299 0.578459
vt 0.931755 0.553683
vt 0.944239 0.553685
vt 0.931350 0.525375
vt 0.943835 0.525376
vt 0.931101 0.494622
vt 0.943586 0.494624
vt 0.931017 0.462607
vt 0.943502 0.462609
vt 0.931101 0.430561
vt 0.943586 0.430562
vt 0.931350 0.399714
vt 0.943835 0.399715
vt 0.931755 0.371251
vt 0.944239 0.371253
vt 0.932299 0.346268
vt 0.944783 0.346269
vt 0.949522 0.938984
vt 0.937033 0.938984
vt 0.937067 0.915631
vt 0.949557 0.915632
vt 0.937095 0.888406
vt 0.949584 0.888407
vt 0.937114 0.858355
vt 0.949603 0.858355
vt 0.937123 0.826632
vt 0.949612 0.826633
vt 0.937123 0.794457
vt 0.949612 0.794458
vt 0.937114 0.763067
vt 0.949603 0.763067
vt 0.937095 0.733666
vt 0.949584 0.733667
vt 0.937067 0.707387
vt 0.949557 0.707387
vt 0.937033 0.685237
vt 0.949522 0.685238
vt 0.957271 0.577993
vt 0.944783 0.577983
vt 0.945057 0.551843
vt 0.957545 0.551853
vt 0.945261 0.522541
vt 0.957749 0.522552
vt 0.945386 0.491205
vt 0.957874 0.491215
vt 0.945428 0.459037
vt 0.957916 0.459048
vt 0.945386 0.427275
vt 0.957874 0.427285
vt 0.945261 0.397138
vt 0.957749 0.397149
vt 0.945057 0.369785
vt 0.957545 0.369796
vt 0.944783 0.346268
vt 0.957271 0.346278
vt 0.962102 0.893552
vt 0.949613 0.893552
vt 0.949675 0.866702
vt 0.962164 0.866702
vt 0.949718 0.836905
vt 0.962208 0.836906
vt 0.537817 0.320512
vt 0.506254 0.326791
vt 0.474073 0.326791
vt 0.442509 0.320512
vt 0.412778 0.308195
vt 0.386020 0.290313
vt 0.363264 0.267554
vt 0.345385 0.240792
vt 0.333069 0.211056
vt 0.326791 0.179488
vt 0.326791 0.147302
vt 0.333069 0.115734
vt 0.345385 0.085998
vt 0.363264 0.059236
vt 0.386020 0.036478
vt 0.412778 0.018596
vt 0.442510 0.006279
vt 0.474073 -0.000000
vt 0.506254 0.000000
vt 0.537818 0.006279
vt 0.567549 0.018597
vt 0.594307 0.036479
vt 0.617063 0.059238
vt 0.634942 0.086000
vt 0.647258 0.115736
vt 0.653536 0.147303
vt 0.653536 0.179490
vt 0.647258 0.211057
vt 0.634942 0.240793
vt 0.617063 0.267555
vt 0.594307 0.290314
vt 0.567549 0.308195
vt 0.949740 0.805307
vt 0.962230 0.805307
vt 0.326791 0.147303
vt 0.326791 0.179489
vt 0.320512 0.211056
vt 0.308195 0.240792
vt 0.290313 0.267554
vt 0.267554 0.290313
vt 0.240792 0.308195
vt 0.211056 0.320512
vt 0.179489 0.326791
vt 0.147302 0.326791
vt 0.115735 0.320512
vt 0.085999 0.308195
vt 0.059237 0.290313
vt 0.036478 0.267554
vt 0.018596 0.240793
vt 0.006279 0.211056
vt 0.000000 0.179489
vt 0.000000 0.147303
vt 0.006279 0.115735
vt 0.018596 0.085999
vt 0.036478 0.059237
vt 0.059237 0.036478
vt 0.085999 0.018596
vt 0.115735 0.006279
vt 0.147302 0.000000
vt 0.179488 -0.000000
vt 0.211056 0.006279
vt 0.240792 0.018596
vt 0.267554 0.036478
vt 0.290313 0.059237
vt 0.308195 0.085999
vt 0.320512 0.115735
s 1
usemtl White
f 1/1/1 2/2/2 4/3/3 3/4/4
f 3/4/4 4/3/3 6/5/5 5/6/6
f 5/6/6 6/5/5 8/7/7 7/8/8
f 7/9/8 8/10/7 10/11/9 9/12/10
f 9/12/10 10/11/9 12/13/11 11/14/12
f 11/14/12 12/13/11 14/15/13 13/16/14
f 13/16/14 14/15/13 16/17/15 15/18/16
f 15/18/16 16/17/15 18/19/17 17/20/18
f 17/20/18 18/19/17 20/21/19 19/22/20
f 19/22/20 20/21/19 22/23/21 21/24/22
f 21/24/22 22/23/21 24/25/23 23/26/24
f 23/27/24 24/28/23 26/29/25 25/30/26
f 25/30/26 26/29/25 28/31/27 27/32/28
f 27/32/28 28/31/27 30/33/29 29/34/30
f 29/34/30 30/33/29 32/35/31 31/36/32
f 31/36/32 32/35/31 34/37/33 33/38/34
f 33/38/34 34/37/33 36/39/35 35/40/36
f 35/40/36 36/39/35 38/41/37 37/42/38
f 37/42/38 38/41/37 40/43/39 39/44/40
f 39/44/40 40/43/39 42/45/41 41/46/42
f 41/47/42 42/48/41 44/49/43 43/50/44
f 43/50/44 44/49/43 46/51/45 45/52/46
f 45/52/46 46/51/45 48/53/47 47/54/48
f 47/54/48 48/53/47 50/55/49 49/56/50
f 49/56/50 50/55/49 52/57/51 51/58/52
f 51/58/52 52/57/51 54/59/53 53/60/54
f 53/60/54 54/59/53 56/61/55 55/62/56
f 55/62/56 56/61/55 58/63/57 57/64/58
f 57/65/58 58/66/57 60/67/59 59/68/60
f 59/68/60 60/67/59 62/69/61 61/70/62
f 4/71/3 2/72/2 64/73/63 62/74/61 60/75/59 58/76/57 56/77/55 54/78/53 52/79/51 50/80/49 48/81/47 46/82/45 44/83/43 42/84/41 40/85/39 38/86/37 36/87/35 34/88/33 32/89/31 30/90/29 28/91/27 26/92/25 24/93/23 22/94/21 20/95/19 18/96/17 16/97/15 14/98/13 12/99/11 10/100/9 8/101/7 6/102/5
f 61/70/62 62/69/61 64/103/63 63/104/64
f 63/104/64 64/103/63 2/2/2 1/1/1
f 1/105/1 3/106/4 5/107/6 7/108/8 9/109/10 11/110/12 13/111/14 15/112/16 17/113/18 19/114/20 21/115/22 23/116/24 25/117/26 27/118/28 29/119/30 31/120/32 33/121/34 35/122/36 37/123/38 39/124/40 41/125/42 43/126/44 45/127/46 47/128/48 49/129/50 51/130/52 53/131/54 55/132/56 57/133/58 59/134/60 61/135/62 63/136/64
f 65/137/65 66/138/66 68/139/67 67/140/68
f 67/140/68 68/139/67 70/141/69 69/142/70
f 69/142/70 70/141/69 72/143/71 71/144/72
f 71/144/72 72/143/71 74/145/73 73/146/74
f 73/146/74 74/145/73 76/147/75 75/148/76
f 75/148/76 76/147/75 78/149/77 77/150/78
f 77/150/78 78/149/77 80/151/79 79/152/80
f 79/152/80 80/151/79 82/153/81 81/154/82
f 81/155/82 82/156/81 84/157/83 83/158/84
f 83/158/84 84/157/83 86/159/85 85/160/86
f 85/160/86 86/159/85 88/161/87 87/162/88
f 87/162/88 88/161/87 90/163/89 89/164/90
f 89/164/90 90/163/89 92/165/91 91/166/92
f 91/166/92 92/165/91 94/167/93 93/168/94
f 93/168/94 94/167/93 96/169/95 95/170/96
f 95/170/96 96/169/95 98/171/97 97/172/98
f 97/172/98 98/171/97 100/173/99 99/174/100
f 99/174/100 100/173/99 102/175/101 101/176/102
f 101/176/102 102/175/101 104/177/103 103/178/104
f 103/178/104 104/177/103 106/179/105 105/180/106
f 105/180/106 106/179/105 108/181/107 107/182/108
f 107/182/108 108/181/107 110/183/109 109/184/110
f 109/184/110 110/183/109 112/185/111 111/186/112
f 111/186/112 112/185/111 114/187/113 113/188/114
f 113/189/114 114/190/113 116/191/115 115/192/116
f 115/192/116 116/191/115 118/193/117 117/194/118
f 117/194/118 118/193/117 120/195/119 119/196/120
f 119/196/120 120/195/119 122/197/121 121/198/122
f 121/198/122 122/197/121 124/199/123 123/200/124
f 123/200/124 124/199/123 126/201/125 125/202/126
f 68/203/67 66/204/66 128/205/127 126/206/125 124/207/123 122/208/121 120/209/119 118/210/117 116/211/115 114/212/113 112/213/111 110/214/109 108/215/107 106/216/105 104/217/103 102/218/101 100/219/99 98/220/97 96/221/95 94/222/93 92/223/91 90/224/89 88/225/87 86/226/85 84/227/83 82/228/81 80/229/79 78/230/77 76/231/75 74/232/73 72/233/71 70/234/69
f 125/202/126 126/201/125 128/235/127 127/236/128
f 127/236/128 128/235/127 66/138/66 65/137/65
f 65/237/65 67/238/68 69/239/70 71/240/72 73/241/74 75/242/76 77/243/78 79/244/80 81/245/82 83/246/84 85/247/86 87/248/88 89/249/90 91/250/92 93/251/94 95/252/96 97/253/98 99/254/100 101/255/102 103/256/104 105/257/106 107/258/108 109/259/110 111/260/112 113/261/114 115/262/116 117/263/118 119/264/120 121/265/122 123/266/124 125/267/126 127/268/128
f 241/269/129 161/270/130 135/271/131 228/272/132
f 231/273/133 228/274/132 135/275/131 147/276/134
f 176/277/135 169/278/136 133/279/137 150/280/138
f 289/281/139 162/282/140 132/283/141 275/284/142
f 166/285/143 160/286/144 131/287/145 149/288/146
f 279/289/147 276/290/148 129/291/149 148/292/150
f 175/293/151 172/294/152 138/295/153 151/296/154
f 290/297/155 170/298/156 140/299/157 285/300/158
f 165/301/159 161/302/130 139/303/160 152/304/161
f 242/305/162 169/306/136 139/307/160 237/308/163
f 168/309/164 163/310/165 146/311/166 157/312/167
f 178/313/168 173/314/169 145/315/170 156/316/171
f 280/317/172 278/318/173 141/319/174 153/320/175
f 167/321/176 164/322/177 143/323/178 154/324/179
f 177/325/180 174/326/181 144/327/182 155/328/183
f 232/329/184 230/330/185 142/331/186 158/332/187
f 163/310/165 165/301/159 152/304/161 146/311/166
f 173/314/169 175/293/151 151/296/154 145/315/170
f 278/318/173 279/289/147 148/292/150 141/319/174
f 164/322/177 166/285/143 149/288/146 143/323/178
f 174/326/181 176/277/135 150/280/138 144/327/182
f 230/330/185 231/273/133 147/276/134 142/331/186
f 235/333/188 232/329/184 158/332/187 136/334/189
f 171/335/190 177/325/180 155/328/183 134/336/191
f 162/337/140 167/321/176 154/324/179 132/338/141
f 283/339/192 280/317/172 153/320/175 130/340/193
f 170/298/156 178/341/168 156/342/171 140/299/157
f 159/343/194 168/309/164 157/312/167 137/344/195
f 136/345/189 158/346/187 168/309/164 159/343/194
f 140/299/157 156/342/171 167/347/176 162/282/140
f 145/315/170 151/296/154 166/348/143 164/349/177
f 142/350/186 147/351/134 165/301/159 163/310/165
f 156/316/171 145/315/170 164/349/177 167/352/176
f 158/346/187 142/350/186 163/310/165 168/309/164
f 147/351/134 135/353/131 161/302/130 165/301/159
f 151/296/154 138/295/153 160/354/144 166/348/143
f 285/300/158 140/299/157 162/282/140 289/281/139
f 237/308/163 139/307/160 161/270/130 241/269/129
f 130/340/193 153/320/175 178/355/168 170/356/156
f 137/344/195 157/312/167 177/325/180 171/335/190
f 146/311/166 152/304/161 176/277/135 174/326/181
f 141/319/174 148/292/150 175/357/151 173/358/169
f 157/312/167 146/311/166 174/326/181 177/325/180
f 153/320/175 141/319/174 173/358/169 178/355/168
f 236/359/196 133/360/137 169/306/136 242/305/162
f 283/361/192 130/362/193 170/298/156 290/297/155
f 148/292/150 129/291/149 172/363/152 175/357/151
f 152/304/161 139/303/160 169/278/136 176/277/135
f 331/364/197 179/365/198 194/366/199 338/367/200
f 260/368/201 182/369/202 193/370/203 266/371/204
f 261/372/205 184/373/206 192/374/207 265/375/208
f 333/376/209 183/377/210 191/378/211 337/379/212
f 331/380/197 328/381/213 190/382/214 179/383/198
f 259/384/215 272/385/216 189/386/217 181/387/218
f 270/388/219 271/389/220 188/390/221 186/391/222
f 326/392/223 327/393/224 187/394/225 185/395/226
f 272/385/216 270/388/219 186/391/222 189/386/217
f 328/381/213 326/392/223 185/395/226 190/382/214
f 266/371/204 193/370/203 184/373/206 261/372/205
f 338/367/200 194/366/199 183/377/210 333/376/209
f 327/393/224 324/396/227 182/397/202 187/394/225
f 337/379/212 191/378/211 181/398/218 323/399/228
f 271/389/220 268/400/229 180/401/230 188/390/221
f 265/375/208 192/374/207 180/402/230 268/403/229
f 321/404/231 201/405/232 203/406/233 307/407/234
f 311/408/235 308/409/236 204/410/237 207/411/238
f 322/412/239 202/413/240 197/414/241 317/415/242
f 312/416/243 310/417/244 206/418/245 208/419/246
f 310/417/244 311/408/235 207/411/238 206/418/245
f 315/420/247 312/416/243 208/419/246 195/421/248
f 317/415/242 197/414/241 201/405/232 321/404/231
f 315/422/247 195/423/248 202/413/240 322/412/239
f 300/424/249 204/425/237 210/426/250 306/427/251
f 301/428/252 205/429/253 209/430/254 305/431/255
f 299/432/256 296/433/257 200/434/258 203/435/233
f 294/436/259 295/437/260 199/438/261 198/439/262
f 296/433/257 294/436/259 198/439/262 200/434/258
f 306/440/251 210/441/250 205/429/253 301/428/252
f 295/437/260 292/442/263 196/443/264 199/438/261
f 305/444/255 209/445/254 196/446/264 292/447/263
f 227/448/265 211/449/266 218/450/267 234/451/268
f 229/452/269 213/453/270 217/454/271 233/455/272
f 227/456/265 240/457/273 224/458/274 211/459/266
f 238/460/275 239/461/276 223/462/277 222/463/278
f 240/457/273 238/460/275 222/463/278 224/458/274
f 234/451/268 218/450/267 213/453/270 229/452/269
f 239/461/276 236/464/196 220/465/279 223/462/277
f 233/455/272 217/454/271 219/466/280 235/467/188
f 308/468/236 220/469/279 226/470/281 314/471/282
f 309/472/283 221/473/284 225/474/285 313/475/286
f 307/476/234 320/477/287 216/478/288 219/479/280
f 318/480/289 319/481/290 215/482/291 214/483/292
f 320/477/287 318/480/289 214/483/292 216/478/288
f 314/471/282 226/470/281 221/473/284 309/472/283
f 319/481/290 316/484/293 212/485/294 215/482/291
f 313/475/286 225/474/285 212/486/294 316/487/293
f 159/488/194 233/455/272 235/467/188 136/489/189
f 150/490/138 133/491/137 236/464/196 239/461/276
f 171/492/190 234/451/268 229/452/269 137/493/195
f 155/494/183 144/495/182 238/460/275 240/457/273
f 144/495/182 150/490/138 239/461/276 238/460/275
f 134/496/191 155/494/183 240/457/273 227/456/265
f 137/493/195 229/452/269 233/455/272 159/488/194
f 134/497/191 227/448/265 234/451/268 171/492/190
f 220/469/279 236/359/196 242/305/162 226/470/281
f 221/473/284 237/308/163 241/269/129 225/474/285
f 219/479/280 216/478/288 232/329/184 235/333/188
f 214/483/292 215/482/291 231/273/133 230/330/185
f 216/478/288 214/483/292 230/330/185 232/329/184
f 226/470/281 242/305/162 237/308/163 221/473/284
f 215/482/291 212/485/294 228/274/132 231/273/133
f 225/474/285 241/269/129 228/272/132 212/486/294
f 329/498/295 249/499/296 252/500/297 332/501/298
f 335/502/299 332/503/298 252/504/297 255/505/300
f 330/506/301 250/507/302 245/508/303 325/509/304
f 336/510/305 334/511/306 254/512/307 256/513/308
f 334/511/306 335/502/299 255/505/300 254/512/307
f 323/514/228 336/510/305 256/513/308 243/515/309
f 325/509/304 245/508/303 249/516/296 329/517/295
f 324/518/227 244/519/310 250/520/302 330/521/301
f 297/522/311 257/523/312 243/524/309 299/525/256
f 303/526/224 300/527/249 244/528/310 247/529/224
f 298/530/313 258/531/314 253/532/315 293/533/316
f 304/534/317 302/535/318 246/536/319 248/537/320
f 302/535/318 303/526/224 247/529/224 246/536/319
f 291/538/321 304/534/317 248/537/320 251/539/322
f 293/533/316 253/532/315 257/523/312 297/522/311
f 291/540/321 251/541/322 258/531/314 298/530/313
f 281/542/323 265/375/208 268/403/229 284/543/324
f 287/544/325 284/545/324 268/400/229 271/389/220
f 282/546/326 266/371/204 261/372/205 277/547/327
f 288/548/328 286/549/329 270/388/219 272/385/216
f 286/549/329 287/544/325 271/389/220 270/388/219
f 275/550/142 288/548/328 272/385/216 259/384/215
f 277/547/327 261/372/205 265/375/208 281/542/323
f 276/551/148 260/368/201 266/371/204 282/546/326
f 179/365/198 267/552/330 274/553/331 194/366/199
f 183/377/210 269/554/332 273/555/333 191/378/211
f 179/383/198 190/382/214 264/556/334 267/557/330
f 185/395/226 187/394/225 263/558/335 262/559/336
f 190/382/214 185/395/226 262/559/336 264/556/334
f 194/366/199 274/553/331 269/554/332 183/377/210
f 187/394/225 182/397/202 260/560/201 263/558/335
f 191/378/211 273/555/333 259/561/215 181/398/218
f 129/291/149 276/290/148 282/562/326 172/363/152
f 138/563/153 277/547/327 281/542/323 160/564/144
f 132/338/141 154/324/179 288/548/328 275/550/142
f 143/323/178 149/288/146 287/544/325 286/549/329
f 154/324/179 143/323/178 286/549/329 288/548/328
f 172/565/152 282/546/326 277/547/327 138/563/153
f 149/288/146 131/287/145 284/545/324 287/544/325
f 160/286/144 281/566/323 284/545/324 131/287/145
f 267/552/330 283/361/192 290/297/155 274/553/331
f 269/554/332 285/300/158 289/281/139 273/555/333
f 267/557/330 264/556/334 280/317/172 283/339/192
f 262/559/336 263/558/335 279/289/147 278/318/173
f 264/556/334 262/559/336 278/318/173 280/317/172
f 274/553/331 290/297/155 285/300/158 269/554/332
f 263/558/335 260/560/201 276/290/148 279/289/147
f 273/555/333 289/281/139 275/284/142 259/561/215
f 195/423/248 291/540/321 298/530/313 202/413/240
f 197/414/241 293/533/316 297/522/311 201/405/232
f 195/421/248 208/419/246 304/534/317 291/538/321
f 206/418/245 207/411/238 303/526/224 302/535/318
f 208/419/246 206/418/245 302/535/318 304/534/317
f 202/413/240 298/530/313 293/533/316 197/414/241
f 207/411/238 204/410/237 300/527/249 303/526/224
f 201/405/232 297/522/311 299/525/256 203/406/233
f 249/499/296 305/444/255 292/447/263 252/500/297
f 255/505/300 252/504/297 292/442/263 295/437/260
f 250/567/302 306/440/251 301/428/252 245/568/303
f 256/513/308 254/512/307 294/436/259 296/433/257
f 254/512/307 255/505/300 295/437/260 294/436/259
f 243/515/309 256/513/308 296/433/257 299/432/256
f 245/568/303 301/428/252 305/431/255 249/569/296
f 244/570/310 300/424/249 306/427/251 250/571/302
f 209/572/254 313/573/286 316/574/293 196/575/264
f 199/438/261 196/443/264 316/484/293 319/481/290
f 210/576/250 314/577/282 309/578/283 205/579/253
f 200/434/258 198/439/262 318/480/289 320/477/287
f 198/439/262 199/438/261 319/481/290 318/480/289
f 203/435/233 200/434/258 320/477/287 307/476/234
f 205/579/253 309/578/283 313/573/286 209/572/254
f 204/425/237 308/580/236 314/581/282 210/426/250
f 211/449/266 315/422/247 322/412/239 218/450/267
f 213/453/270 317/415/242 321/404/231 217/454/271
f 211/459/266 224/458/274 312/416/243 315/420/247
f 222/463/278 223/462/277 311/408/235 310/417/244
f 224/458/274 222/463/278 310/417/244 312/416/243
f 218/450/267 322/412/239 317/415/242 213/453/270
f 223/462/277 220/465/279 308/409/236 311/408/235
f 217/454/271 321/404/231 307/407/234 219/466/280
f 182/369/202 324/518/227 330/521/301 193/370/203
f 184/373/206 325/582/304 329/583/295 192/374/207
f 181/387/218 189/386/217 336/510/305 323/514/228
f 186/391/222 188/390/221 335/502/299 334/511/306
f 189/386/217 186/391/222 334/511/306 336/510/305
f 193/370/203 330/521/301 325/582/304 184/373/206
f 188/390/221 180/401/230 332/503/298 335/502/299
f 192/374/207 329/583/295 332/584/298 180/402/230
f 257/523/312 337/379/212 323/399/228 243/524/309
f 247/529/224 244/528/310 324/396/227 327/393/224
f 258/531/314 338/367/200 333/376/209 253/532/315
f 248/537/320 246/536/319 326/392/223 328/381/213
f 246/536/319 247/529/224 327/393/224 326/392/223
f 251/539/322 248/537/320 328/381/213 331/380/197
f 253/532/315 333/376/209 337/379/212 257/523/312
f 251/541/322 331/364/197 338/367/200 258/531/314
f 424/585/337 412/586/338 345/587/339 379/588/340
f 416/589/341 346/590/342 345/591/339 412/592/338
f 389/593/343 344/594/344 343/595/345 387/596/346
f 406/597/347 393/598/348 342/599/349 380/600/350
f 380/601/350 342/602/349 341/603/351 376/604/352
f 398/605/353 340/606/354 339/607/355 394/608/356
f 352/609/357 350/610/357 348/611/358 354/612/358
f 401/613/316 400/614/316 350/615/357 352/616/357
f 355/617/359 347/618/359 349/619/360 357/620/360
f 419/621/361 418/622/361 349/623/360 351/624/360
f 448/625/361 419/621/361 351/624/360 443/626/360
f 446/627/316 401/613/316 352/616/357 444/628/357
f 444/629/357 352/609/357 354/612/358 440/630/358
f 347/618/359 353/631/359 351/632/360 349/619/360
f 431/633/359 355/617/359 357/620/360 429/634/360
f 350/610/357 358/635/357 356/636/358 348/611/358
f 400/614/316 402/637/316 358/638/357 350/615/357
f 418/622/361 420/639/361 357/640/360 349/623/360
f 395/641/361 397/642/361 368/643/361 364/644/361
f 413/645/316 415/646/316 367/647/316 363/648/316
f 447/649/316 414/650/316 366/651/316 441/652/316
f 445/653/361 396/654/361 365/655/361 442/656/361
f 396/654/361 395/641/361 364/644/361 365/655/361
f 414/650/316 413/645/316 363/648/316 366/651/316
f 411/657/362 359/658/363 362/659/364 417/660/365
f 423/661/366 416/662/341 361/663/367 377/664/316
f 393/665/348 361/666/367 360/667/368 399/668/369
f 405/669/370 399/670/369 360/671/368 378/672/361
f 436/673/361 403/674/361 374/675/361 434/676/361
f 438/677/316 421/678/316 373/679/316 433/680/316
f 375/681/371 369/682/359 371/683/360 379/684/340
f 430/685/357 372/686/357 370/687/358 432/688/358
f 435/689/316 404/690/316 372/691/357 430/692/357
f 437/693/361 422/694/361 371/695/360 429/696/360
f 346/697/342 375/681/371 379/684/340 345/698/339
f 403/674/361 405/669/370 378/672/361 374/675/361
f 421/678/316 423/661/366 377/664/316 373/679/316
f 372/686/357 380/601/350 376/604/352 370/687/358
f 404/690/316 406/597/347 380/600/350 372/691/357
f 422/694/361 424/585/337 379/588/340 371/695/360
f 410/699/372 407/700/361 386/701/361 392/702/361
f 428/703/373 425/704/316 385/705/316 391/706/316
f 388/707/374 382/708/357 384/709/358 390/710/375
f 409/711/376 408/712/316 382/713/357 388/714/374
f 427/715/377 426/716/361 381/717/360 387/718/346
f 439/719/359 383/720/359 381/721/360 443/722/360
f 417/723/365 427/715/377 387/718/346 343/724/345
f 398/725/353 409/711/376 388/714/374 340/726/354
f 340/727/354 388/707/374 390/710/375 339/728/355
f 411/729/362 428/703/373 391/706/316 359/730/363
f 394/731/356 410/699/372 392/702/361 362/732/364
f 383/720/359 389/593/343 387/596/346 381/721/360
f 339/733/355 390/734/375 410/699/372 394/731/356
f 359/730/363 391/706/316 409/711/376 398/725/353
f 391/706/316 385/705/316 408/712/316 409/711/376
f 390/734/375 384/735/358 407/700/361 410/699/372
f 373/679/316 377/664/316 406/597/347 404/690/316
f 370/736/358 376/737/352 405/669/370 403/674/361
f 433/680/316 373/679/316 404/690/316 435/689/316
f 432/738/358 370/736/358 403/674/361 436/673/361
f 376/737/352 341/739/351 399/670/369 405/669/370
f 342/740/349 393/665/348 399/668/369 341/741/351
f 354/742/358 348/743/358 395/641/361 396/654/361
f 440/744/358 354/742/358 396/654/361 445/653/361
f 348/743/358 356/745/358 397/642/361 395/641/361
f 363/648/316 367/647/316 402/637/316 400/614/316
f 441/652/316 366/651/316 401/613/316 446/627/316
f 366/651/316 363/648/316 400/614/316 401/613/316
f 359/658/363 398/605/353 394/608/356 362/659/364
f 377/664/316 361/663/367 393/598/348 406/597/347
f 344/746/344 389/747/343 428/703/373 411/729/362
f 362/732/364 392/702/361 427/715/377 417/723/365
f 392/702/361 386/701/361 426/716/361 427/715/377
f 389/747/343 383/748/359 425/704/316 428/703/373
f 374/675/361 378/672/361 424/585/337 422/694/361
f 369/749/359 375/750/371 423/661/366 421/678/316
f 434/676/361 374/675/361 422/694/361 437/693/361
f 431/751/359 369/749/359 421/678/316 438/677/316
f 375/750/371 346/752/342 416/662/341 423/661/366
f 344/753/344 411/657/362 417/660/365 343/754/345
f 353/755/359 347/756/359 413/645/316 414/650/316
f 439/757/359 353/755/359 414/650/316 447/649/316
f 347/756/359 355/758/359 415/646/316 413/645/316
f 364/644/361 368/643/361 420/639/361 418/622/361
f 442/656/361 365/655/361 419/621/361 448/625/361
f 365/655/361 364/644/361 418/622/361 419/621/361
f 361/666/367 416/589/341 412/592/338 360/667/368
f 378/672/361 360/671/368 412/586/338 424/585/337
f 355/758/359 431/751/359 438/677/316 415/646/316
f 368/643/361 434/676/361 437/693/361 420/639/361
f 356/745/358 432/738/358 436/673/361 397/642/361
f 367/647/316 433/680/316 435/689/316 402/637/316
f 420/639/361 437/693/361 429/696/360 357/640/360
f 402/637/316 435/689/316 430/692/357 358/638/357
f 358/635/357 430/685/357 432/688/358 356/636/358
f 415/646/316 438/677/316 433/680/316 367/647/316
f 397/642/361 436/673/361 434/676/361 368/643/361
f 369/682/359 431/633/359 429/634/360 371/683/360
f 386/701/361 442/656/361 448/625/361 426/716/361
f 383/748/359 439/757/359 447/649/316 425/704/316
f 385/705/316 441/652/316 446/627/316 408/712/316
f 384/735/358 440/744/358 445/653/361 407/700/361
f 353/631/359 439/719/359 443/722/360 351/632/360
f 407/700/361 445/653/361 442/656/361 386/701/361
f 425/704/316 447/649/316 441/652/316 385/705/316
f 382/708/357 444/629/357 440/630/358 384/709/358
f 408/712/316 446/627/316 444/628/357 382/713/357
f 426/716/361 448/625/361 443/626/360 381/717/360
f 504/759/378 453/760/379 455/761/380 500/762/381
f 502/763/318 500/764/381 455/765/380 467/766/382
f 467/767/382 455/768/380 453/769/379 470/770/383
f 533/771/384 450/772/385 452/773/386 529/774/387
f 468/775/388 449/776/389 451/777/390 469/778/391
f 532/779/392 530/780/393 449/781/389 468/782/388
f 538/783/394 531/784/395 457/785/396 489/786/397
f 489/787/397 457/788/396 459/789/398 490/790/399
f 492/791/400 458/792/401 460/793/402 491/794/403
f 508/795/318 501/796/318 458/797/401 492/798/400
f 528/799/318 521/800/318 466/801/318 493/802/318
f 512/803/394 510/804/404 464/805/405 471/806/394
f 513/807/367 461/808/367 463/809/363 509/810/363
f 522/811/318 520/812/406 462/813/407 472/814/318
f 524/815/408 464/816/405 462/817/407 520/818/406
f 521/800/318 522/811/318 472/814/318 466/801/318
f 511/819/394 512/803/394 471/806/394 465/820/394
f 531/784/395 532/779/392 468/782/388 457/785/396
f 457/788/396 468/775/388 469/778/391 459/789/398
f 458/792/401 467/767/382 470/770/383 460/793/402
f 501/796/318 502/763/318 467/766/382 458/797/401
f 515/821/318 516/822/318 480/823/318 475/824/318
f 505/825/394 506/826/394 479/827/394 478/828/394
f 499/829/367 473/830/367 476/831/363 503/832/363
f 506/826/394 504/833/378 477/834/409 479/827/394
f 507/835/394 505/825/394 478/828/394 495/836/394
f 517/837/318 515/821/318 475/824/318 496/838/318
f 516/822/318 514/839/410 474/840/411 480/823/318
f 510/841/404 477/842/409 474/843/411 514/844/410
f 525/845/394 526/846/394 488/847/412 483/848/394
f 535/849/413 536/850/414 487/851/415 486/852/318
f 530/853/393 482/854/416 485/855/417 534/856/418
f 536/850/414 534/857/418 485/858/417 487/851/415
f 537/859/318 535/849/413 486/852/318 497/860/318
f 527/861/394 525/845/394 483/848/394 498/862/394
f 526/846/394 524/863/408 482/864/416 488/847/412
f 519/865/367 484/866/367 481/867/363 523/868/363
f 519/869/367 527/861/394 498/862/394 484/870/367
f 529/871/387 537/859/318 497/860/318 481/872/363
f 509/873/363 517/837/318 496/838/318 476/874/363
f 499/875/367 507/835/394 495/836/394 473/876/367
f 513/877/367 518/878/394 494/879/394 461/880/367
f 523/881/363 528/799/318 493/802/318 463/882/363
f 503/883/363 508/795/318 492/798/400 456/884/419
f 456/885/419 492/791/400 491/794/403 454/886/420
f 450/887/385 489/787/397 490/790/399 452/888/386
f 533/889/384 538/783/394 489/786/397 450/890/385
f 476/874/363 496/838/318 508/795/318 503/883/363
f 454/891/420 491/892/403 507/835/394 499/875/367
f 491/892/403 460/893/402 505/825/394 507/835/394
f 470/894/383 453/895/379 504/833/378 506/826/394
f 454/896/420 499/829/367 503/832/363 456/897/419
f 460/893/402 470/894/383 506/826/394 505/825/394
f 475/824/318 480/823/318 502/763/318 501/796/318
f 496/838/318 475/824/318 501/796/318 508/795/318
f 480/823/318 474/840/411 500/764/381 502/763/318
f 477/842/409 504/759/378 500/762/381 474/843/411
f 473/876/367 495/836/394 518/878/394 513/877/367
f 463/882/363 493/802/318 517/837/318 509/873/363
f 464/816/405 510/841/404 514/844/410 462/817/407
f 472/814/318 462/813/407 514/839/410 516/822/318
f 493/802/318 466/801/318 515/821/318 517/837/318
f 466/801/318 472/814/318 516/822/318 515/821/318
f 478/828/394 479/827/394 512/803/394 511/819/394
f 473/830/367 513/807/367 509/810/363 476/831/363
f 479/827/394 477/834/409 510/804/404 512/803/394
f 495/836/394 478/828/394 511/819/394 518/878/394
f 481/872/363 497/860/318 528/799/318 523/881/363
f 461/880/367 494/879/394 527/861/394 519/869/367
f 461/808/367 519/865/367 523/868/363 463/809/363
f 471/806/394 464/805/405 524/863/408 526/846/394
f 494/879/394 465/820/394 525/845/394 527/861/394
f 465/820/394 471/806/394 526/846/394 525/845/394
f 486/852/318 487/851/415 522/811/318 521/800/318
f 482/854/416 524/815/408 520/818/406 485/855/417
f 487/851/415 485/858/417 520/812/406 522/811/318
f 497/860/318 486/852/318 521/800/318 528/799/318
f 484/870/367 498/862/394 538/783/394 533/889/384
f 452/898/386 490/899/399 537/859/318 529/871/387
f 490/899/399 459/900/398 535/849/413 537/859/318
f 469/901/391 451/902/390 534/857/418 536/850/414
f 449/903/389 530/853/393 534/856/418 451/904/390
f 459/900/398 469/901/391 536/850/414 535/849/413
f 483/848/394 488/847/412 532/779/392 531/784/395
f 498/862/394 483/848/394 531/784/395 538/783/394
f 488/847/412 482/864/416 530/780/393 532/779/392
f 484/866/367 533/771/384 529/774/387 481/867/363
f 542/905/318 540/906/318 539/907/318 541/908/318
f 543/909/421 544/910/422 546/911/423 545/912/424
f 545/912/424 546/911/423 548/913/425 547/914/426
f 547/914/426 548/913/425 550/915/427 549/916/428
f 549/917/428 550/918/427 552/919/429 551/920/430
f 551/920/430 552/919/429 554/921/431 553/922/432
f 553/922/432 554/921/431 556/923/433 555/924/434
f 555/924/434 556/923/433 558/925/435 557/926/436
f 557/926/436 558/925/435 560/927/437 559/928/438
f 559/928/438 560/927/437 562/929/439 561/930/440
f 561/930/440 562/929/439 564/931/441 563/932/442
f 563/932/442 564/931/441 566/933/443 565/934/444
f 565/935/444 566/936/443 568/937/445 567/938/446
f 567/938/446 568/937/445 570/939/447 569/940/448
f 569/940/448 570/939/447 572/941/449 571/942/450
f 571/942/450 572/941/449 574/943/451 573/944/452
f 573/944/452 574/943/451 576/945/453 575/946/454
f 575/946/454 576/945/453 578/947/455 577/948/456
f 577/948/456 578/947/455 580/949/457 579/950/458
f 579/950/458 580/949/457 582/951/459 581/952/460
f 581/952/460 582/951/459 584/953/461 583/954/462
f 583/955/462 584/956/461 586/957/463 585/958/464
f 585/958/464 586/957/463 588/959/465 587/960/466
f 587/960/466 588/959/465 590/961/467 589/962/468
f 589/962/468 590/961/467 592/963/469 591/964/470
f 591/964/470 592/963/469 594/965/471 593/966/472
f 593/966/472 594/965/471 596/967/473 595/968/474
f 595/968/474 596/967/473 598/969/475 597/970/476
f 597/970/476 598/969/475 600/971/477 599/972/478
f 599/973/478 600/974/477 602/975/479 601/976/480
f 601/976/480 602/975/479 604/977/481 603/978/482
f 546/979/423 544/980/422 606/981/483 604/982/481 602/983/479 600/984/477 598/985/475 596/986/473 594/987/471 592/988/469 590/989/467 588/990/465 586/991/463 584/992/461 582/993/459 580/994/457 578/995/455 576/996/453 574/997/451 572/998/449 570/999/447 568/1000/445 566/1001/443 564/1002/441 562/1003/439 560/1004/437 558/1005/435 556/1006/433 554/1007/431 552/1008/429 550/1009/427 548/1010/425
f 603/978/482 604/977/481 606/1011/483 605/1012/484
f 605/1012/484 606/1011/483 544/910/422 543/909/421
f 543/1013/421 545/1014/424 547/1015/426 549/1016/428 551/1017/430 553/1018/432 555/1019/434 557/1020/436 559/1021/438 561/1022/440 563/1023/442 565/1024/444 567/1025/446 569/1026/448 571/1027/450 573/1028/452 575/1029/454 577/1030/456 579/1031/458 581/1032/460 583/1033/462 585/1034/464 587/1035/466 589/1036/468 591/1037/470 593/1038/472 595/1039/474 597/1040/476 599/1041/478 601/1042/480 603/1043/482 605/1044/484
f 607/1045/421 608/1046/422 610/1047/423 609/1048/424
f 609/1048/424 610/1047/423 612/1049/425 611/1050/426
f 611/1050/426 612/1049/425 614/1051/427 613/1052/428
f 613/1053/428 614/1054/427 616/1055/429 615/1056/430
f 615/1056/430 616/1055/429 618/1057/431 617/1058/432
f 617/1058/432 618/1057/431 620/1059/485 619/1060/434
f 619/1060/434 620/1059/485 622/1061/435 621/1062/436
f 621/1062/436 622/1061/435 624/1063/437 623/1064/438
f 623/1064/438 624/1063/437 626/1065/439 625/1066/440
f 625/1066/440 626/1065/439 628/1067/441 627/1068/442
f 627/1068/442 628/1067/441 630/1069/443 629/1070/486
f 629/1071/486 630/1072/443 632/1073/445 631/1074/446
f 631/1074/446 632/1073/445 634/1075/447 633/1076/448
f 633/1076/448 634/1075/447 636/1077/449 635/1078/450
f 635/1078/450 636/1077/449 638/1079/451 637/1080/487
f 637/1080/487 638/1079/451 640/1081/453 639/1082/454
f 639/1082/454 640/1081/453 642/1083/488 641/1084/456
f 641/1084/456 642/1083/488 644/1085/457 643/1086/458
f 643/1086/458 644/1085/457 646/1087/459 645/1088/460
f 645/1088/460 646/1087/459 648/1089/461 647/1090/462
f 647/1091/462 648/1092/461 650/1093/463 649/1094/464
f 649/1094/464 650/1093/463 652/1095/465 651/1096/466
f 651/1096/466 652/1095/465 654/1097/467 653/1098/468
f 653/1098/468 654/1097/467 656/1099/469 655/1100/470
f 655/1100/470 656/1099/469 658/1101/471 657/1102/472
f 657/1102/472 658/1101/471 660/1103/489 659/1104/474
f 659/1104/474 660/1103/489 662/1105/475 661/1106/476
f 661/1106/476 662/1105/475 664/1107/477 663/1108/490
f 663/1109/490 664/1110/477 666/1111/479 665/1112/480
f 665/1112/480 666/1111/479 668/1113/481 667/1114/482
f 610/1115/423 608/1116/422 670/1117/491 668/1118/481 666/1119/479 664/1120/477 662/1121/475 660/1122/489 658/1123/471 656/1124/469 654/1125/467 652/1126/465 650/1127/463 648/1128/461 646/1129/459 644/1130/457 642/1131/488 640/1132/453 638/1133/451 636/1134/449 634/1135/447 632/1136/445 630/1137/443 628/1138/441 626/1139/439 624/1140/437 622/1141/435 620/1142/485 618/1143/431 616/1144/429 614/1145/427 612/1146/425
f 667/1114/482 668/1113/481 670/1147/491 669/1148/484
f 669/1148/484 670/1147/491 608/1046/422 607/1045/421
f 607/1149/421 609/1150/424 611/1151/426 613/1152/428 615/1153/430 617/1154/432 619/1155/434 621/1156/436 623/1157/438 625/1158/440 627/1159/442 629/1160/486 631/1161/446 633/1162/448 635/1163/450 637/1164/487 639/1165/454 641/1166/456 643/1167/458 645/1168/460 647/1169/462 649/1170/464 651/1171/466 653/1172/468 655/1173/470 657/1174/472 659/1175/474 661/1176/476 663/1177/490 665/1178/480 667/1179/482 669/1180/484
f 671/1181/492 672/1182/493 674/1183/494 673/1184/495
f 673/1184/495 674/1183/494 676/1185/496 675/1186/497
f 675/1186/497 676/1185/496 678/1187/498 677/1188/499
f 677/1188/499 678/1187/498 680/1189/500 679/1190/501
f 679/1191/501 680/1192/500 682/1193/502 681/1194/503
f 681/1194/503 682/1193/502 684/1195/504 683/1196/505
f 683/1196/505 684/1195/504 686/1197/506 685/1198/507
f 685/1198/507 686/1197/506 688/1199/508 687/1200/509
f 687/1200/509 688/1199/508 690/1201/510 689/1202/511
f 689/1202/511 690/1201/510 692/1203/512 691/1204/513
f 691/1204/513 692/1203/512 694/1205/514 693/1206/515
f 693/1207/515 694/1208/514 696/1209/516 695/1210/517
f 695/1210/517 696/1209/516 698/1211/518 697/1212/519
f 697/1212/519 698/1211/518 700/1213/520 699/1214/521
f 699/1214/521 700/1213/520 702/1215/522 701/1216/523
f 701/1216/523 702/1215/522 704/1217/524 703/1218/525
f 703/1218/525 704/1217/524 706/1219/526 705/1220/527
f 705/1220/527 706/1219/526 708/1221/528 707/1222/529
f 707/1222/529 708/1221/528 710/1223/530 709/1224/531
f 709/1224/531 710/1223/530 712/1225/532 711/1226/533
f 711/1227/533 712/1228/532 714/1229/534 713/1230/535
f 713/1230/535 714/1229/534 716/1231/536 715/1232/537
f 715/1232/537 716/1231/536 718/1233/538 717/1234/539
f 717/1234/539 718/1233/538 720/1235/540 719/1236/541
f 719/1236/541 720/1235/540 722/1237/542 721/1238/543
f 721/1238/543 722/1237/542 724/1239/544 723/1240/545
f 723/1240/545 724/1239/544 726/1241/546 725/1242/547
f 725/1242/547 726/1241/546 728/1243/548 727/1244/549
f 727/1245/549 728/1246/548 730/1247/550 729/1248/551
f 729/1248/551 730/1247/550 732/1249/552 731/1250/553
f 674/1251/494 672/1252/493 734/1253/554 732/1254/552 730/1255/550 728/1256/548 726/1257/546 724/1258/544 722/1259/542 720/1260/540 718/1261/538 716/1262/536 714/1263/534 712/1264/532 710/1265/530 708/1266/528 706/1267/526 704/1268/524 702/1269/522 700/1270/520 698/1271/518 696/1272/516 694/1273/514 692/1274/512 690/1275/510 688/1276/508 686/1277/506 684/1278/504 682/1279/502 680/1280/500 678/1281/498 676/1282/496
f 731/1250/553 732/1249/552 734/1283/554 733/1284/555
f 733/1284/555 734/1283/554 672/1182/493 671/1181/492
f 671/1285/492 673/1286/495 675/1287/497 677/1288/499 679/1289/501 681/1290/503 683/1291/505 685/1292/507 687/1293/509 689/1294/511 691/1295/513 693/1296/515 695/1297/517 697/1298/519 699/1299/521 701/1300/523 703/1301/525 705/1302/527 707/1303/529 709/1304/531 711/1305/533 713/1306/535 715/1307/537 717/1308/539 719/1309/541 721/1310/543 723/1311/545 725/1312/547 727/1313/549 729/1314/551 731/1315/553 733/1316/555
f 735/1317/492 736/1318/493 738/1319/494 737/1320/495
f 737/1320/495 738/1319/494 740/1321/496 739/1322/497
f 739/1322/497 740/1321/496 742/1323/498 741/1324/499
f 741/1324/499 742/1323/498 744/1325/500 743/1326/501
f 743/1327/501 744/1328/500 746/1329/502 745/1330/503
f 745/1330/503 746/1329/502 748/1331/504 747/1332/505
f 747/1332/505 748/1331/504 750/1333/506 749/1334/507
f 749/1334/507 750/1333/506 752/1335/508 751/1336/509
f 751/1336/509 752/1335/508 754/1337/556 753/1338/511
f 753/1338/511 754/1337/556 756/1339/512 755/1340/513
f 755/1340/513 756/1339/512 758/1341/514 757/1342/515
f 757/1343/515 758/1344/514 760/1345/516 759/1346/517
f 759/1346/517 760/1345/516 762/1347/557 761/1348/519
f 761/1348/519 762/1347/557 764/1349/520 763/1350/521
f 763/1350/521 764/1349/520 766/1351/522 765/1352/523
f 765/1352/523 766/1351/522 768/1353/524 767/1354/525
f 767/1354/525 768/1353/524 770/1355/558 769/1356/527
f 769/1356/527 770/1355/558 772/1357/528 771/1358/529
f 771/1358/529 772/1357/528 774/1359/530 773/1360/531
f 773/1360/531 774/1359/530 776/1361/532 775/1362/533
f 775/1363/533 776/1364/532 778/1365/534 777/1366/535
f 777/1366/535 778/1365/534 780/1367/536 779/1368/537
f 779/1368/537 780/1367/536 782/1369/538 781/1370/539
f 781/1370/539 782/1369/538 784/1371/540 783/1372/541
f 783/1372/541 784/1371/540 786/1373/559 785/1374/543
f 785/1374/543 786/1373/559 788/1375/544 787/1376/545
f 787/1376/545 788/1375/544 790/1377/546 789/1378/547
f 789/1378/547 790/1377/546 792/1379/548 791/1380/549
f 791/1381/549 792/1382/548 794/1383/550 793/1384/551
f 793/1384/551 794/1383/550 796/1385/552 795/1386/553
f 738/1387/494 736/1388/493 798/1389/554 796/1390/552 794/1391/550 792/1392/548 790/1393/546 788/1394/544 786/1395/559 784/1396/540 782/1397/538 780/1398/536 778/1399/534 776/1400/532 774/1401/530 772/1402/528 770/1403/558 768/1404/524 766/1405/522 764/1406/520 762/1407/557 760/1408/516 758/1409/514 756/1410/512 754/1411/556 752/1412/508 750/1413/506 748/1414/504 746/1415/502 744/1416/500 742/1417/498 740/1418/496
f 795/1386/553 796/1385/552 798/1419/554 797/1420/555
f 797/1420/555 798/1419/554 736/1318/493 735/1317/492
f 735/1421/492 737/1422/495 739/1423/497 741/1424/499 743/1425/501 745/1426/503 747/1427/505 749/1428/507 751/1429/509 753/1430/511 755/1431/513 757/1432/515 759/1433/517 761/1434/519 763/1435/521 765/1436/523 767/1437/525 769/1438/527 771/1439/529 773/1440/531 775/1441/533 777/1442/535 779/1443/537 781/1444/539 783/1445/541 785/1446/543 787/1447/545 789/1448/547 791/1449/549 793/1450/551 795/1451/553 797/1452/555
f 904/1453/560 873/1454/561 805/1455/562 890/1456/563
f 896/1457/564 890/1458/563 805/1459/562 806/1460/565
f 881/1461/566 879/1462/567 803/1463/568 804/1464/569
f 922/1465/570 874/1466/571 802/1467/572 907/1468/573
f 874/1469/571 870/1470/574 801/1471/575 802/1472/572
f 914/1473/576 908/1474/577 799/1475/578 800/1476/579
f 812/1477/359 814/1478/360 808/1479/360 810/1480/359
f 917/1481/316 812/1482/359 810/1483/359 916/1484/316
f 829/1485/357 831/1486/358 809/1487/358 807/1488/357
f 899/1489/361 811/1490/358 809/1491/358 898/1492/361
f 900/1493/580 823/1494/581 811/1490/358 899/1489/361
f 918/1495/582 824/1496/583 812/1482/359 917/1481/316
f 824/1497/583 826/1498/584 814/1478/360 812/1477/359
f 807/1488/357 809/1487/358 811/1499/358 813/1500/357
f 849/1501/316 827/1502/316 822/1503/316 844/1504/316
f 863/1505/361 828/1506/361 821/1507/361 858/1508/361
f 858/1508/361 821/1507/361 820/1509/361 857/1510/361
f 844/1504/316 822/1503/316 819/1511/316 843/1512/316
f 841/1513/585 846/1514/586 818/1515/364 815/1516/363
f 875/1517/587 871/1518/316 817/1519/367 845/1520/588
f 855/1521/589 860/1522/590 816/1523/368 817/1524/367
f 877/1525/591 872/1526/361 816/1527/368 860/1528/590
f 888/1529/592 884/1530/361 828/1506/361 863/1505/361
f 886/1531/593 883/1532/316 827/1502/316 849/1501/316
f 880/1533/594 882/1534/595 826/1498/584 824/1497/583
f 924/1535/596 880/1536/594 824/1496/583 918/1495/582
f 906/1537/597 879/1538/567 823/1494/581 900/1493/580
f 813/1500/357 811/1499/358 823/1539/581 825/1540/598
f 857/1510/361 820/1509/361 834/1541/361 865/1542/361
f 843/1512/316 819/1511/316 833/1543/316 851/1544/316
f 835/1545/599 839/1546/600 831/1486/358 829/1485/357
f 810/1480/359 808/1479/360 830/1547/360 832/1548/359
f 916/1484/316 810/1483/359 832/1549/359 919/1550/316
f 898/1492/361 809/1491/358 831/1551/358 901/1552/361
f 869/1553/601 873/1554/561 839/1546/600 835/1545/599
f 865/1542/361 834/1541/361 838/1555/361 867/1556/361
f 851/1544/316 833/1543/316 837/1557/316 853/1558/316
f 832/1548/359 830/1547/360 836/1559/602 840/1560/603
f 919/1550/316 832/1549/359 840/1561/603 920/1562/604
f 901/1552/361 831/1551/358 839/1563/600 902/1564/605
f 834/1541/361 852/1565/361 854/1566/361 838/1555/361
f 894/1567/316 851/1544/316 853/1558/316 895/1568/587
f 820/1509/361 847/1569/361 852/1565/361 834/1541/361
f 891/1570/316 843/1512/316 851/1544/316 894/1567/316
f 884/1530/361 885/1571/580 850/1572/361 828/1506/361
f 905/1573/606 886/1531/593 849/1501/316 893/1574/593
f 903/1575/607 875/1517/587 845/1520/588 896/1576/564
f 889/1577/608 897/1578/609 846/1514/586 841/1513/585
f 892/1579/316 844/1504/316 843/1512/316 891/1570/316
f 893/1574/593 849/1501/316 844/1504/316 892/1579/316
f 828/1506/361 850/1572/361 848/1580/361 821/1507/361
f 821/1507/361 848/1580/361 847/1569/361 820/1509/361
f 817/1524/367 816/1523/368 842/1581/610 845/1582/588
f 872/1526/361 876/1583/605 842/1584/610 816/1527/368
f 833/1543/316 866/1585/316 868/1586/316 837/1557/316
f 912/1587/361 865/1542/361 867/1556/361 913/1588/591
f 819/1511/316 861/1589/316 866/1585/316 833/1543/316
f 909/1590/361 857/1510/361 865/1542/361 912/1587/361
f 883/1532/316 887/1591/582 864/1592/316 827/1502/316
f 923/1593/611 888/1529/592 863/1505/361 911/1594/592
f 921/1595/612 877/1525/591 860/1528/590 915/1596/613
f 907/1597/573 915/1598/613 860/1522/590 855/1521/589
f 910/1599/361 858/1508/361 857/1510/361 909/1590/361
f 911/1594/592 863/1505/361 858/1508/361 910/1599/361
f 827/1502/316 864/1592/316 862/1600/316 822/1503/316
f 822/1503/316 862/1600/316 861/1589/316 819/1511/316
f 815/1516/363 818/1515/364 856/1601/614 859/1602/615
f 871/1518/316 878/1603/604 855/1604/589 817/1519/367
f 837/1557/316 868/1586/316 878/1603/604 871/1518/316
f 913/1588/591 867/1556/361 877/1525/591 921/1595/612
f 838/1555/361 854/1566/361 876/1583/605 872/1526/361
f 895/1568/587 853/1558/316 875/1517/587 903/1575/607
f 806/1605/565 805/1606/562 873/1554/561 869/1553/601
f 867/1556/361 838/1555/361 872/1526/361 877/1525/591
f 853/1558/316 837/1557/316 871/1518/316 875/1517/587
f 840/1560/603 836/1559/602 870/1607/574 874/1608/571
f 920/1562/604 840/1561/603 874/1466/571 922/1465/570
f 902/1564/605 839/1563/600 873/1454/561 904/1453/560
f 908/1609/577 856/1610/614 888/1529/592 923/1593/611
f 815/1611/363 859/1612/615 887/1591/582 883/1532/316
f 889/1613/608 841/1614/585 886/1531/593 905/1573/606
f 818/1615/364 846/1616/586 885/1571/580 884/1530/361
f 897/1617/609 803/1618/568 879/1538/567 906/1537/597
f 914/1619/576 800/1620/579 880/1536/594 924/1535/596
f 800/1621/579 799/1622/578 882/1534/595 880/1533/594
f 841/1614/585 815/1611/363 883/1532/316 886/1531/593
f 856/1610/614 818/1615/364 884/1530/361 888/1529/592
f 825/1540/598 823/1539/581 879/1462/567 881/1461/566
f 846/1616/586 897/1617/609 906/1537/597 885/1571/580
f 804/1623/569 889/1613/608 905/1573/606 881/1624/566
f 854/1566/361 902/1564/605 904/1453/560 876/1583/605
f 835/1625/599 895/1568/587 903/1575/607 869/1626/601
f 825/1627/598 893/1574/593 892/1579/316 813/1628/357
f 813/1628/357 892/1579/316 891/1570/316 807/1629/357
f 804/1630/569 803/1631/568 897/1578/609 889/1577/608
f 869/1626/601 903/1575/607 896/1576/564 806/1632/565
f 881/1624/566 905/1573/606 893/1574/593 825/1627/598
f 807/1629/357 891/1570/316 894/1567/316 829/1633/357
f 829/1633/357 894/1567/316 895/1568/587 835/1625/599
f 852/1565/361 901/1552/361 902/1564/605 854/1566/361
f 847/1569/361 898/1492/361 901/1552/361 852/1565/361
f 885/1571/580 906/1537/597 900/1493/580 850/1572/361
f 850/1572/361 900/1493/580 899/1489/361 848/1580/361
f 848/1580/361 899/1489/361 898/1492/361 847/1569/361
f 845/1582/588 842/1581/610 890/1458/563 896/1457/564
f 876/1583/605 904/1453/560 890/1456/563 842/1584/610
f 859/1612/615 914/1619/576 924/1535/596 887/1591/582
f 799/1634/578 908/1609/577 923/1593/611 882/1635/595
f 868/1586/316 920/1562/604 922/1465/570 878/1603/604
f 836/1636/602 913/1588/591 921/1595/612 870/1637/574
f 826/1638/584 911/1594/592 910/1599/361 814/1639/360
f 814/1639/360 910/1599/361 909/1590/361 808/1640/360
f 802/1472/572 801/1471/575 915/1598/613 907/1597/573
f 870/1637/574 921/1595/612 915/1596/613 801/1641/575
f 882/1635/595 923/1593/611 911/1594/592 826/1638/584
f 808/1640/360 909/1590/361 912/1587/361 830/1642/360
f 830/1642/360 912/1587/361 913/1588/591 836/1636/602
f 866/1585/316 919/1550/316 920/1562/604 868/1586/316
f 861/1589/316 916/1484/316 919/1550/316 866/1585/316
f 887/1591/582 924/1535/596 918/1495/582 864/1592/316
f 864/1592/316 918/1495/582 917/1481/316 862/1600/316
f 862/1600/316 917/1481/316 916/1484/316 861/1589/316
f 859/1602/615 856/1601/614 908/1474/577 914/1473/576
f 878/1603/604 922/1465/570 907/1468/573 855/1604/589
f 931/1643/616 932/1644/617 934/1645/618 933/1646/619
f 933/1646/619 934/1645/618 936/1647/620 935/1648/621
f 935/1648/621 936/1647/620 938/1649/622 937/1650/623
f 937/1651/623 938/1652/622 940/1653/624 939/1654/625
f 939/1654/625 940/1653/624 942/1655/626 941/1656/627
f 941/1656/627 942/1655/626 944/1657/628 943/1658/629
f 943/1658/629 944/1657/628 946/1659/630 945/1660/631
f 945/1660/631 946/1659/630 948/1661/632 947/1662/633
f 947/1662/633 948/1661/632 950/1663/634 949/1664/635
f 949/1664/635 950/1663/634 952/1665/636 951/1666/637
f 951/1666/637 952/1665/636 954/1667/638 953/1668/639
f 953/1669/639 954/1670/638 956/1671/640 955/1672/641
f 955/1672/641 956/1671/640 958/1673/642 957/1674/643
f 957/1674/643 958/1673/642 960/1675/644 959/1676/645
f 959/1676/645 960/1675/644 962/1677/646 961/1678/647
f 961/1678/647 962/1677/646 964/1679/648 963/1680/649
f 963/1680/649 964/1679/648 966/1681/650 965/1682/651
f 965/1682/651 966/1681/650 968/1683/652 967/1684/653
f 967/1684/653 968/1683/652 970/1685/654 969/1686/655
f 969/1686/655 970/1685/654 972/1687/656 971/1688/657
f 971/1689/657 972/1690/656 974/1691/658 973/1692/659
f 973/1692/659 974/1691/658 976/1693/660 975/1694/661
f 975/1694/661 976/1693/660 978/1695/662 977/1696/663
f 977/1696/663 978/1695/662 980/1697/664 979/1698/665
f 979/1698/665 980/1697/664 982/1699/666 981/1700/667
f 981/1700/667 982/1699/666 984/1701/668 983/1702/669
f 983/1702/669 984/1701/668 986/1703/670 985/1704/671
f 985/1704/671 986/1703/670 988/1705/672 987/1706/673
f 987/1707/673 988/1708/672 990/1709/674 989/1710/675
f 989/1710/675 990/1709/674 992/1711/676 991/1712/677
f 934/1713/618 932/1714/617 994/1715/678 992/1716/676 990/1717/674 988/1718/672 986/1719/670 984/1720/668 982/1721/666 980/1722/664 978/1723/662 976/1724/660 974/1725/658 972/1726/656 970/1727/654 968/1728/652 966/1729/650 964/1730/648 962/1731/646 960/1732/644 958/1733/642 956/1734/640 954/1735/638 952/1736/636 950/1737/634 948/1738/632 946/1739/630 944/1740/628 942/1741/626 940/1742/624 938/1743/622 936/1744/620
f 991/1712/677 992/1711/676 994/1745/678 993/1746/679
f 993/1746/679 994/1745/678 932/1644/617 931/1643/616
f 931/1747/616 933/1748/619 935/1749/621 937/1750/623 939/1751/625 941/1752/627 943/1753/629 945/1754/631 947/1755/633 949/1756/635 951/1757/637 953/1758/639 955/1759/641 957/1760/643 959/1761/645 961/1762/647 963/1763/649 965/1764/651 967/1765/653 969/1766/655 971/1767/657 973/1768/659 975/1769/661 977/1770/663 979/1771/665 981/1772/667 983/1773/669 985/1774/671 987/1775/673 989/1776/675 991/1777/677 993/1778/679
f 995/1779/616 996/1780/680 998/1781/618 997/1782/619
f 997/1782/619 998/1781/618 1000/1783/620 999/1784/621
f 999/1784/621 1000/1783/620 1002/1785/622 1001/1786/623
f 1001/1787/623 1002/1788/622 1004/1789/624 1003/1790/681
f 1003/1790/681 1004/1789/624 1006/1791/682 1005/1792/627
f 1005/1792/627 1006/1791/682 1008/1793/628 1007/1794/629
f 1007/1794/629 1008/1793/628 1010/1795/630 1009/1796/631
f 1009/1796/631 1010/1795/630 1012/1797/683 1011/1798/633
f 1011/1798/633 1012/1797/683 1014/1799/634 1013/1800/684
f 1013/1800/684 1014/1799/634 1016/1801/685 1015/1802/686
f 1015/1802/686 1016/1801/685 1018/1803/638 1017/1804/687
f 1017/1805/687 1018/1806/638 1020/1807/640 1019/1808/641
f 1019/1808/641 1020/1807/640 1022/1809/642 1021/1810/643
f 1021/1810/643 1022/1809/642 1024/1811/644 1023/1812/645
f 1023/1812/645 1024/1811/644 1026/1813/646 1025/1814/647
f 1025/1814/647 1026/1813/646 1028/1815/648 1027/1816/649
f 1027/1816/649 1028/1815/648 1030/1817/650 1029/1818/651
f 1029/1818/651 1030/1817/650 1032/1819/652 1031/1820/653
f 1031/1820/653 1032/1819/652 1034/1821/654 1033/1822/688
f 1033/1822/688 1034/1821/654 1036/1823/656 1035/1824/657
f 1035/1825/657 1036/1826/656 1038/1827/689 1037/1828/659
f 1037/1828/659 1038/1827/689 1040/1829/690 1039/1830/691
f 1039/1830/691 1040/1829/690 1042/1831/692 1041/1832/693
f 1041/1832/693 1042/1831/692 1044/1833/694 1043/1834/695
f 1043/1834/695 1044/1833/694 1046/1835/666 1045/1836/667
f 1045/1836/667 1046/1835/666 1048/1837/668 1047/1838/696
f 1047/1838/696 1048/1837/668 1050/1839/697 1049/1840/671
f 1049/1840/671 1050/1839/697 1052/1841/672 1051/1842/673
f 1051/1843/673 1052/1844/672 1054/1845/674 1053/1846/675
f 1053/1846/675 1054/1845/674 1056/1847/698 1055/1848/677
f 998/1849/618 996/1850/680 1058/1851/678 1056/1852/698 1054/1853/674 1052/1854/672 1050/1855/697 1048/1856/668 1046/1857/666 1044/1858/694 1042/1859/692 1040/1860/690 1038/1861/689 1036/1862/656 1034/1863/654 1032/1864/652 1030/1865/650 1028/1866/648 1026/1867/646 1024/1868/644 1022/1869/642 1020/1870/640 1018/1871/638 1016/1872/685 1014/1873/634 1012/1874/683 1010/1875/630 1008/1876/628 1006/1877/682 1004/1878/624 1002/1879/622 1000/1880/620
f 1055/1848/677 1056/1847/698 1058/1881/678 1057/1882/699
f 1057/1882/699 1058/1881/678 996/1780/680 995/1779/616
f 995/1883/616 997/1884/619 999/1885/621 1001/1886/623 1003/1887/681 1005/1888/627 1007/1889/629 1009/1890/631 1011/1891/633 1013/1892/684 1015/1893/686 1017/1894/687 1019/1895/641 1021/1896/643 1023/1897/645 1025/1898/647 1027/1899/649 1029/1900/651 1031/1901/653 1033/1902/688 1035/1903/657 1037/1904/659 1039/1905/691 1041/1906/693 1043/1907/695 1045/1908/667 1047/1909/696 1049/1910/671 1051/1911/673 1053/1912/675 1055/1913/677 1057/1914/699
f 1059/1915/700 1060/1916/701 1062/1917/702 1061/1918/703
f 1061/1918/703 1062/1917/702 1064/1919/704 1063/1920/705
f 1063/1920/705 1064/1919/704 1066/1921/706 1065/1922/707
f 1065/1923/707 1066/1924/706 1068/1925/708 1067/1926/709
f 1067/1926/709 1068/1925/708 1070/1927/710 1069/1928/711
f 1069/1928/711 1070/1927/710 1072/1929/712 1071/1930/713
f 1071/1930/713 1072/1929/712 1074/1931/714 1073/1932/715
f 1073/1932/715 1074/1931/714 1076/1933/716 1075/1934/717
f 1075/1934/717 1076/1933/716 1078/1935/718 1077/1936/719
f 1077/1936/719 1078/1935/718 1080/1937/720 1079/1938/721
f 1079/1938/721 1080/1937/720 1082/1939/722 1081/1940/723
f 1081/1941/723 1082/1942/722 1084/1943/724 1083/1944/725
f 1083/1944/725 1084/1943/724 1086/1945/726 1085/1946/727
f 1085/1946/727 1086/1945/726 1088/1947/728 1087/1948/729
f 1087/1948/729 1088/1947/728 1090/1949/730 1089/1950/731
f 1089/1950/731 1090/1949/730 1092/1951/732 1091/1952/733
f 1091/1952/733 1092/1951/732 1094/1953/734 1093/1954/735
f 1093/1954/735 1094/1953/734 1096/1955/736 1095/1956/737
f 1095/1956/737 1096/1955/736 1098/1957/738 1097/1958/739
f 1097/1958/739 1098/1957/738 1100/1959/740 1099/1960/741
f 1099/1961/741 1100/1962/740 1102/1963/742 1101/1964/743
f 1101/1964/743 1102/1963/742 1104/1965/744 1103/1966/745
f 1103/1966/745 1104/1965/744 1106/1967/746 1105/1968/747
f 1105/1968/747 1106/1967/746 1108/1969/748 1107/1970/749
f 1107/1970/749 1108/1969/748 1110/1971/750 1109/1972/751
f 1109/1972/751 1110/1971/750 1112/1973/752 1111/1974/753
f 1111/1974/753 1112/1973/752 1114/1975/754 1113/1976/755
f 1113/1976/755 1114/1975/754 1116/1977/756 1115/1978/757
f 1115/1979/757 1116/1980/756 1118/1981/758 1117/1982/759
f 1117/1982/759 1118/1981/758 1120/1983/760 1119/1984/761
f 1062/1985/702 1060/1986/701 1122/1987/762 1120/1988/760 1118/1989/758 1116/1990/756 1114/1991/754 1112/1992/752 1110/1993/750 1108/1994/748 1106/1995/746 1104/1996/744 1102/1997/742 1100/1998/740 1098/1999/738 1096/2000/736 1094/2001/734 1092/2002/732 1090/2003/730 1088/2004/728 1086/2005/726 1084/2006/724 1082/2007/722 1080/2008/720 1078/2009/718 1076/2010/716 1074/2011/714 1072/2012/712 1070/2013/710 1068/2014/708 1066/2015/706 1064/2016/704
f 1119/1984/761 1120/1983/760 1122/2017/762 1121/2018/763
f 1121/2018/763 1122/2017/762 1060/1916/701 1059/1915/700
f 1059/2019/700 1061/2020/703 1063/2021/705 1065/2022/707 1067/2023/709 1069/2024/711 1071/2025/713 1073/2026/715 1075/2027/717 1077/2028/719 1079/2029/721 1081/2030/723 1083/2031/725 1085/2032/727 1087/2033/729 1089/2034/731 1091/2035/733 1093/2036/735 1095/2037/737 1097/2038/739 1099/2039/741 1101/2040/743 1103/2041/745 1105/2042/747 1107/2043/749 1109/2044/751 1111/2045/753 1113/2046/755 1115/2047/757 1117/2048/759 1119/2049/761 1121/2050/763
f 1123/2051/764 1124/2052/701 1126/2053/702 1125/2054/703
f 1125/2054/703 1126/2053/702 1128/2055/704 1127/2056/705
f 1127/2056/705 1128/2055/704 1130/2057/765 1129/2058/707
f 1129/2059/707 1130/1787/765 1132/2060/708 1131/2061/709
f 1131/2061/709 1132/2060/708 1134/2062/710 1133/2063/711
f 1133/2063/711 1134/2062/710 1136/2064/766 1135/2065/713
f 1135/2065/713 1136/2064/766 1138/2066/767 1137/2067/715
f 1137/2067/715 1138/2066/767 1140/2068/768 1139/2069/769
f 1139/2069/769 1140/2068/768 1142/2070/718 1141/2071/770
f 1141/2071/770 1142/2070/718 1144/2072/720 1143/2073/721
f 1143/2073/721 1144/2072/720 1146/2074/771 1145/2075/723
f 1145/2076/723 1146/2077/771 1148/2078/772 1147/2079/773
f 1147/2079/773 1148/2078/772 1150/2080/726 1149/2081/774
f 1149/2081/774 1150/2080/726 1152/2082/728 1151/2083/729
f 1151/2083/729 1152/2082/728 1154/2084/730 1153/2085/731
f 1153/2085/731 1154/2084/730 1156/2086/775 1155/2087/776
f 1155/2087/776 1156/2086/775 1158/2088/734 1157/2089/777
f 1157/2089/777 1158/2088/734 1160/2090/736 1159/2091/737
f 1159/2091/737 1160/2090/736 1162/2092/778 1161/2093/739
f 1161/2093/739 1162/2092/778 1164/2094/740 1163/2095/779
f 1163/2096/779 1164/2097/740 1166/2098/742 1165/2099/743
f 1165/2099/743 1166/2098/742 1168/2100/744 1167/2101/745
f 1167/2101/745 1168/2100/744 1170/2102/746 1169/2103/780
f 1169/2103/780 1170/2102/746 1172/2104/781 1171/2105/749
f 1171/2105/749 1172/2104/781 1174/2106/750 1173/2107/782
f 1173/2107/782 1174/2106/750 1176/2108/752 1175/2109/753
f 1175/2109/753 1176/2108/752 1178/2110/783 1177/2111/755
f 1177/2111/755 1178/2110/783 1180/2112/784 1179/2113/785
f 1179/2114/785 1180/2115/784 1182/2116/786 1181/2117/759
f 1181/2117/759 1182/2116/786 1184/2118/760 1183/2119/761
f 1126/2120/702 1124/2121/701 1186/2122/762 1184/2123/760 1182/2124/786 1180/2125/784 1178/2126/783 1176/2127/752 1174/2128/750 1172/2129/781 1170/2130/746 1168/2131/744 1166/2132/742 1164/2133/740 1162/2134/778 1160/2135/736 1158/2136/734 1156/2137/775 1154/2138/730 1152/2139/728 1150/2140/726 1148/2141/772 1146/2142/771 1144/2143/720 1142/2144/718 1140/2145/768 1138/2146/767 1136/2147/766 1134/2148/710 1132/2149/708 1130/2150/765 1128/2151/704
f 1183/2119/761 1184/2118/760 1186/2152/762 1185/2153/763
f 1185/2153/763 1186/2152/762 1124/2052/701 1123/2051/764
f 1123/2154/764 1125/2155/703 1127/2156/705 1129/2157/707 1131/2158/709 1133/2159/711 1135/2160/713 1137/2161/715 1139/2162/769 1141/2163/770 1143/2164/721 1145/2165/723 1147/2166/773 1149/2167/774 1151/2168/729 1153/2169/731 1155/2170/776 1157/2171/777 1159/2172/737 1161/2173/739 1163/2174/779 1165/2175/743 1167/2176/745 1169/2177/780 1171/2178/749 1173/2179/782 1175/2180/753 1177/2181/755 1179/2182/785 1181/2183/759 1183/2184/761 1185/2185/763
f 1236/2186/787 1237/2187/788 1193/2188/789 1189/2189/790
f 1209/2190/791 1189/2191/790 1193/2192/789 1208/2193/792
f 1232/2194/793 1227/2195/794 1191/2196/795 1210/2197/796
f 1235/2198/797 1238/2199/798 1190/2200/799 1194/2201/800
f 1240/2202/801 1236/2203/787 1189/2204/790 1209/2205/791
f 1210/2206/796 1191/2207/795 1187/2208/802 1207/2209/803
f 1256/2210/804 1252/2211/805 1196/2212/805 1211/2213/804
f 1251/2214/806 1254/2215/807 1198/2216/807 1195/2217/806
f 1248/2218/808 1243/2219/809 1197/2220/809 1212/2221/808
f 1252/2222/805 1253/2223/809 1197/2224/809 1196/2225/805
f 1230/2226/810 1227/2227/794 1199/2228/809 1202/2229/805
f 1229/2230/811 1228/2231/812 1200/2232/813 1201/2233/814
f 1231/2234/815 1230/2235/810 1202/2236/805 1213/2237/804
f 1255/2238/808 1253/2239/809 1199/2240/809 1214/2241/808
f 1239/2242/816 1237/2243/788 1205/2244/809 1215/2245/808
f 1247/2246/804 1246/2247/805 1204/2248/805 1216/2249/804
f 1245/2250/806 1244/2251/807 1206/2252/817 1203/2253/818
f 1246/2254/805 1243/2255/809 1205/2256/809 1204/2257/805
f 1250/2258/819 1247/2246/804 1216/2249/804 1225/2259/820
f 1242/2260/821 1239/2242/816 1215/2245/808 1224/2261/822
f 1258/2262/823 1255/2238/808 1214/2241/808 1223/2263/824
f 1234/2264/825 1231/2234/815 1213/2237/804 1222/2265/826
f 1249/2266/823 1248/2218/808 1212/2221/808 1221/2267/823
f 1257/2268/819 1256/2210/804 1211/2213/804 1220/2269/819
f 1219/2270/827 1210/2206/796 1207/2209/803 1217/2271/828
f 1241/2272/829 1240/2202/801 1209/2205/791 1218/2273/830
f 1233/2274/831 1232/2194/793 1210/2197/796 1219/2275/827
f 1218/2276/830 1209/2190/791 1208/2193/792 1226/2277/832
f 1190/2278/799 1218/2276/830 1226/2277/832 1194/2279/800
f 1229/2280/811 1233/2281/831 1219/2282/827 1192/2283/833
f 1238/2199/798 1241/2284/829 1218/2285/830 1190/2200/799
f 1192/2286/833 1219/2270/827 1217/2271/828 1188/2287/834
f 1254/2215/807 1257/2288/819 1220/2289/819 1198/2216/807
f 1245/2290/806 1249/2291/823 1221/2292/823 1195/2293/806
f 1228/2231/812 1234/2294/825 1222/2295/826 1200/2232/813
f 1251/2296/806 1258/2297/823 1223/2298/824 1201/2299/814
f 1235/2300/797 1242/2301/821 1224/2302/822 1203/2303/818
f 1244/2251/807 1250/2304/819 1225/2305/820 1206/2252/817
f 1188/2306/834 1217/2307/828 1234/2294/825 1228/2231/812
f 1201/2299/814 1223/2298/824 1233/2281/831 1229/2280/811
f 1223/2263/824 1214/2241/808 1232/2308/793 1233/2309/831
f 1217/2271/828 1207/2209/803 1231/2310/815 1234/2311/825
f 1207/2209/803 1187/2208/802 1230/2312/810 1231/2310/815
f 1192/2313/833 1188/2306/834 1228/2231/812 1229/2230/811
f 1187/2314/802 1191/2315/795 1227/2227/794 1230/2226/810
f 1214/2241/808 1199/2240/809 1227/2316/794 1232/2308/793
f 1194/2317/800 1226/2318/832 1242/2260/821 1235/2319/797
f 1206/2252/817 1225/2305/820 1241/2284/829 1238/2199/798
f 1225/2259/820 1216/2249/804 1240/2202/801 1241/2272/829
f 1226/2318/832 1208/2320/792 1239/2242/816 1242/2260/821
f 1208/2320/792 1193/2321/789 1237/2243/788 1239/2242/816
f 1216/2249/804 1204/2248/805 1236/2203/787 1240/2202/801
f 1203/2253/818 1206/2252/817 1238/2199/798 1235/2198/797
f 1204/2257/805 1205/2256/809 1237/2187/788 1236/2186/787
f 1198/2216/807 1220/2289/819 1250/2304/819 1244/2251/807
f 1203/2303/818 1224/2302/822 1249/2291/823 1245/2290/806
f 1224/2261/822 1215/2245/808 1248/2218/808 1249/2266/823
f 1220/2269/819 1211/2213/804 1247/2246/804 1250/2258/819
f 1196/2225/805 1197/2224/809 1243/2255/809 1246/2254/805
f 1195/2217/806 1198/2216/807 1244/2251/807 1245/2250/806
f 1211/2213/804 1196/2212/805 1246/2247/805 1247/2246/804
f 1215/2245/808 1205/2244/809 1243/2219/809 1248/2218/808
f 1195/2293/806 1221/2292/823 1258/2297/823 1251/2296/806
f 1200/2232/813 1222/2295/826 1257/2288/819 1254/2215/807
f 1222/2265/826 1213/2237/804 1256/2210/804 1257/2268/819
f 1221/2267/823 1212/2221/808 1255/2238/808 1258/2262/823
f 1212/2221/808 1197/2220/809 1253/2239/809 1255/2238/808
f 1202/2229/805 1199/2228/809 1253/2223/809 1252/2222/805
f 1201/2233/814 1200/2232/813 1254/2215/807 1251/2214/806
f 1213/2237/804 1202/2236/805 1252/2211/805 1256/2210/804
f 1344/2322/835 1332/2323/836 1265/2324/837 1299/2325/838
f 1336/2326/839 1266/2327/840 1265/2328/837 1332/2329/836
f 1309/2330/841 1264/2331/842 1263/2332/843 1307/2333/844
f 1326/2334/347 1313/2335/845 1262/2336/846 1300/2337/847
f 1300/2338/847 1262/2339/846 1261/2340/848 1296/2341/849
f 1318/2342/850 1260/2343/851 1259/2344/852 1314/2345/853
f 1272/2346/357 1270/2347/357 1268/2348/358 1274/2349/358
f 1321/2350/316 1320/2351/316 1270/2352/357 1272/2353/357
f 1275/2354/359 1267/2355/359 1269/2356/360 1277/2357/360
f 1339/2358/361 1338/2359/361 1269/2360/360 1271/2361/360
f 1368/2362/361 1339/2358/361 1271/2361/360 1363/2363/360
f 1366/2364/316 1321/2350/316 1272/2353/357 1364/2365/357
f 1364/2366/357 1272/2346/357 1274/2349/358 1360/2367/358
f 1267/2355/359 1273/2368/359 1271/2369/360 1269/2356/360
f 1351/2370/359 1275/2354/359 1277/2357/360 1349/2371/360
f 1270/2347/357 1278/2372/357 1276/2373/358 1268/2348/358
f 1320/2351/316 1322/2374/316 1278/2375/357 1270/2352/357
f 1338/2359/361 1340/2376/361 1277/2377/360 1269/2360/360
f 1315/2378/361 1317/2379/361 1288/2380/361 1284/2381/361
f 1333/2382/316 1335/2383/316 1287/2384/316 1283/2385/316
f 1367/2386/316 1334/2387/316 1286/2388/316 1361/2389/316
f 1365/2390/361 1316/2391/361 1285/2392/361 1362/2393/361
f 1316/2391/361 1315/2378/361 1284/2381/361 1285/2392/361
f 1334/2387/316 1333/2382/316 1283/2385/316 1286/2388/316
f 1331/2394/854 1279/2395/363 1282/2396/364 1337/2397/855
f 1343/2398/856 1336/2399/839 1281/2400/367 1297/2401/316
f 1313/2402/845 1281/2403/367 1280/2404/368 1319/2405/857
f 1325/2406/370 1319/2407/857 1280/2408/368 1298/2409/361
f 1356/2410/361 1323/2411/361 1294/2412/361 1354/2413/361
f 1358/2414/316 1341/2415/316 1293/2416/316 1353/2417/316
f 1295/2418/858 1289/2419/359 1291/2420/360 1299/2421/838
f 1350/2422/357 1292/2423/357 1290/2424/358 1352/2425/358
f 1355/2426/316 1324/2427/316 1292/2428/357 1350/2429/357
f 1357/2430/361 1342/2431/361 1291/2432/360 1349/2433/360
f 1266/2434/840 1295/2418/858 1299/2421/838 1265/2435/837
f 1323/2411/361 1325/2406/370 1298/2409/361 1294/2412/361
f 1341/2415/316 1343/2398/856 1297/2401/316 1293/2416/316
f 1292/2423/357 1300/2338/847 1296/2341/849 1290/2424/358
f 1324/2427/316 1326/2334/347 1300/2337/847 1292/2428/357
f 1342/2431/361 1344/2322/835 1299/2325/838 1291/2432/360
f 1330/2436/372 1327/2437/361 1306/2438/361 1312/2439/361
f 1348/2440/859 1345/2441/316 1305/2442/316 1311/2443/316
f 1308/2444/860 1302/2445/357 1304/2446/358 1310/2447/861
f 1329/2448/376 1328/2449/316 1302/2450/357 1308/2451/860
f 1347/2452/862 1346/2453/361 1301/2454/360 1307/2455/844
f 1359/2456/359 1303/2457/359 1301/2458/360 1363/2459/360
f 1337/2460/855 1347/2452/862 1307/2455/844 1263/2461/843
f 1318/2462/850 1329/2448/376 1308/2451/860 1260/2463/851
f 1260/2464/851 1308/2444/860 1310/2447/861 1259/2465/852
f 1331/2466/854 1348/2440/859 1311/2443/316 1279/2467/363
f 1314/2468/853 1330/2436/372 1312/2439/361 1282/2469/364
f 1303/2457/359 1309/2330/841 1307/2333/844 1301/2458/360
f 1259/2470/852 1310/2471/861 1330/2436/372 1314/2468/853
f 1279/2467/363 1311/2443/316 1329/2448/376 1318/2462/850
f 1311/2443/316 1305/2442/316 1328/2449/316 1329/2448/376
f 1310/2471/861 1304/2472/358 1327/2437/361 1330/2436/372
f 1293/2416/316 1297/2401/316 1326/2334/347 1324/2427/316
f 1290/2473/358 1296/2474/849 1325/2406/370 1323/2411/361
f 1353/2417/316 1293/2416/316 1324/2427/316 1355/2426/316
f 1352/2475/358 1290/2473/358 1323/2411/361 1356/2410/361
f 1296/2474/849 1261/2476/848 1319/2407/857 1325/2406/370
f 1262/2477/846 1313/2402/845 1319/2405/857 1261/2478/848
f 1274/2479/358 1268/2480/358 1315/2378/361 1316/2391/361
f 1360/2481/358 1274/2479/358 1316/2391/361 1365/2390/361
f 1268/2480/358 1276/2482/358 1317/2379/361 1315/2378/361
f 1283/2385/316 1287/2384/316 1322/2374/316 1320/2351/316
f 1361/2389/316 1286/2388/316 1321/2350/316 1366/2364/316
f 1286/2388/316 1283/2385/316 1320/2351/316 1321/2350/316
f 1279/2395/363 1318/2342/850 1314/2345/853 1282/2396/364
f 1297/2401/316 1281/2400/367 1313/2335/845 1326/2334/347
f 1264/2483/842 1309/2484/841 1348/2440/859 1331/2466/854
f 1282/2469/364 1312/2439/361 1347/2452/862 1337/2460/855
f 1312/2439/361 1306/2438/361 1346/2453/361 1347/2452/862
f 1309/2484/841 1303/2485/359 1345/2441/316 1348/2440/859
f 1294/2412/361 1298/2409/361 1344/2322/835 1342/2431/361
f 1289/2486/359 1295/2487/858 1343/2398/856 1341/2415/316
f 1354/2413/361 1294/2412/361 1342/2431/361 1357/2430/361
f 1351/2488/359 1289/2486/359 1341/2415/316 1358/2414/316
f 1295/2487/858 1266/2489/840 1336/2399/839 1343/2398/856
f 1264/2490/842 1331/2394/854 1337/2397/855 1263/2491/843
f 1273/2492/359 1267/2493/359 1333/2382/316 1334/2387/316
f 1359/2494/359 1273/2492/359 1334/2387/316 1367/2386/316
f 1267/2493/359 1275/2495/359 1335/2383/316 1333/2382/316
f 1284/2381/361 1288/2380/361 1340/2376/361 1338/2359/361
f 1362/2393/361 1285/2392/361 1339/2358/361 1368/2362/361
f 1285/2392/361 1284/2381/361 1338/2359/361 1339/2358/361
f 1281/2403/367 1336/2326/839 1332/2329/836 1280/2404/368
f 1298/2409/361 1280/2408/368 1332/2323/836 1344/2322/835
f 1275/2495/359 1351/2488/359 1358/2414/316 1335/2383/316
f 1288/2380/361 1354/2413/361 1357/2430/361 1340/2376/361
f 1276/2482/358 1352/2475/358 1356/2410/361 1317/2379/361
f 1287/2384/316 1353/2417/316 1355/2426/316 1322/2374/316
f 1340/2376/361 1357/2430/361 1349/2433/360 1277/2377/360
f 1322/2374/316 1355/2426/316 1350/2429/357 1278/2375/357
f 1278/2372/357 1350/2422/357 1352/2425/358 1276/2373/358
f 1335/2383/316 1358/2414/316 1353/2417/316 1287/2384/316
f 1317/2379/361 1356/2410/361 1354/2413/361 1288/2380/361
f 1289/2419/359 1351/2370/359 1349/2371/360 1291/2420/360
f 1306/2438/361 1362/2393/361 1368/2362/361 1346/2453/361
f 1303/2485/359 1359/2494/359 1367/2386/316 1345/2441/316
f 1305/2442/316 1361/2389/316 1366/2364/316 1328/2449/316
f 1304/2472/358 1360/2481/358 1365/2390/361 1327/2437/361
f 1273/2368/359 1359/2456/359 1363/2459/360 1271/2369/360
f 1327/2437/361 1365/2390/361 1362/2393/361 1306/2438/361
f 1345/2441/316 1367/2386/316 1361/2389/316 1305/2442/316
f 1302/2445/357 1364/2366/357 1360/2367/358 1304/2446/358
f 1328/2449/316 1366/2364/316 1364/2365/357 1302/2450/357
f 1346/2453/361 1368/2362/361 1363/2363/360 1301/2454/360
f 1369/2496/863 1371/2497/864 1372/2498/865 1370/2499/866
f 1371/2497/864 1373/2500/867 1374/2501/868 1372/2498/865
f 1373/2500/867 1375/2502/869 1376/2503/870 1374/2501/868
f 1375/2502/869 1377/2504/871 1378/2505/872 1376/2503/870
f 1377/2506/871 1379/2507/873 1380/2508/874 1378/2509/872
f 1379/2507/873 1381/2510/875 1382/2511/876 1380/2508/874
f 1381/2510/875 1383/2512/877 1384/2513/878 1382/2511/876
f 1383/2512/877 1385/2514/879 1386/2515/880 1384/2513/878
f 1385/2514/879 1387/2516/881 1388/2517/882 1386/2515/880
f 1387/2516/881 1389/2518/883 1390/2519/884 1388/2517/882
f 1389/2518/883 1391/2520/885 1392/2521/886 1390/2519/884
f 1391/2520/885 1393/2522/887 1394/2523/888 1392/2521/886
f 1393/2524/887 1395/2525/889 1396/2526/890 1394/2527/888
f 1395/2525/889 1397/2528/891 1398/2529/892 1396/2526/890
f 1397/2528/891 1399/2530/893 1400/2531/894 1398/2529/892
f 1399/2530/893 1401/2532/895 1402/2533/896 1400/2531/894
f 1401/2532/895 1403/2534/897 1404/2535/898 1402/2533/896
f 1403/2534/897 1405/2536/899 1406/2537/900 1404/2535/898
f 1405/2536/899 1407/2538/901 1408/2539/902 1406/2537/900
f 1407/2538/901 1409/2540/903 1410/2541/904 1408/2539/902
f 1409/2542/903 1411/2543/905 1412/2544/906 1410/2545/904
f 1411/2543/905 1413/2546/907 1414/2547/908 1412/2544/906
f 1413/2546/907 1415/2548/909 1416/2549/910 1414/2547/908
f 1415/2548/909 1417/2550/911 1418/2551/912 1416/2549/910
f 1417/2550/911 1419/2552/913 1420/2553/914 1418/2551/912
f 1419/2552/913 1421/2554/915 1422/2555/916 1420/2553/914
f 1421/2554/915 1423/2556/917 1424/2557/918 1422/2555/916
f 1423/2556/917 1425/2558/919 1426/2559/920 1424/2557/918
f 1425/2560/919 1427/2561/921 1428/2562/922 1426/2563/920
f 1427/2561/921 1429/2564/923 1430/2565/924 1428/2562/922
f 1372/2566/865 1374/2567/868 1376/2568/870 1378/2569/872 1380/2570/874 1382/2571/876 1384/2572/878 1386/2573/880 1388/2574/882 1390/2575/884 1392/2576/886 1394/2577/888 1396/2578/890 1398/2579/892 1400/2580/894 1402/2581/896 1404/2582/898 1406/2583/900 1408/2584/902 1410/2585/904 1412/2586/906 1414/2587/908 1416/2588/910 1418/2589/912 1420/2590/914 1422/2591/916 1424/2592/918 1426/2593/920 1428/2594/922 1430/2595/924 1432/2596/925 1370/2597/866
f 1429/2564/923 1431/2598/926 1432/2599/925 1430/2565/924
f 1431/2598/926 1369/2496/863 1370/2499/866 1432/2599/925
f 1369/2600/863 1431/2601/926 1429/2602/923 1427/2603/921 1425/2604/919 1423/2605/917 1421/2606/915 1419/2607/913 1417/2608/911 1415/2609/909 1413/2610/907 1411/2611/905 1409/2612/903 1407/2613/901 1405/2614/899 1403/2615/897 1401/2616/895 1399/2617/893 1397/2618/891 1395/2619/889 1393/2620/887 1391/2621/885 1389/2622/883 1387/2623/881 1385/2624/879 1383/2625/877 1381/2626/875 1379/2627/873 1377/2628/871 1375/2629/869 1373/2630/867 1371/2631/864
f 1433/2632/927 1434/2633/928 1436/2634/929 1435/2635/930
f 1435/2635/930 1436/2634/929 1438/2636/931 1437/2637/932
f 1437/2637/932 1438/2636/931 1440/2638/933 1439/2639/934
f 1439/2639/934 1440/2638/933 1442/2640/935 1441/2641/936
f 1441/2642/936 1442/2643/935 1444/2644/937 1443/2645/938
f 1443/2645/938 1444/2644/937 1446/2646/939 1445/2647/940
f 1445/2647/940 1446/2646/939 1448/2648/941 1447/2649/942
f 1447/2649/942 1448/2648/941 1450/2650/943 1449/2651/944
f 1449/2651/944 1450/2650/943 1452/2652/945 1451/2653/946
f 1451/2653/946 1452/2652/945 1454/2654/947 1453/2655/948
f 1453/2655/948 1454/2654/947 1456/2656/949 1455/2657/950
f 1455/2657/950 1456/2656/949 1458/2658/951 1457/2659/952
f 1457/2660/952 1458/2661/951 1460/2662/953 1459/2663/954
f 1459/2663/954 1460/2662/953 1462/2664/955 1461/2665/956
f 1461/2665/956 1462/2664/955 1464/2666/957 1463/2667/958
f 1463/2667/958 1464/2666/957 1466/2668/959 1465/2669/960
f 1465/2669/960 1466/2668/959 1468/2670/961 1467/2671/962
f 1467/2671/962 1468/2670/961 1470/2672/963 1469/2673/964
f 1469/2673/964 1470/2672/963 1472/2674/965 1471/2675/966
f 1471/2675/966 1472/2674/965 1474/2676/967 1473/2677/968
f 1473/2678/968 1474/2679/967 1476/2680/969 1475/2681/970
f 1475/2681/970 1476/2680/969 1478/2682/971 1477/2683/972
f 1477/2683/972 1478/2682/971 1480/2684/973 1479/2685/974
f 1479/2685/974 1480/2684/973 1482/2686/975 1481/2687/976
f 1481/2687/976 1482/2686/975 1484/2688/977 1483/2689/978
f 1483/2689/978 1484/2688/977 1486/2690/979 1485/2691/980
f 1485/2691/980 1486/2690/979 1488/2692/981 1487/2693/982
f 1487/2693/982 1488/2692/981 1490/2694/983 1489/2658/984
f 1489/2695/984 1490/2696/983 1492/2697/985 1491/2698/986
f 1491/2698/986 1492/2697/985 1494/2699/987 1493/2700/988
f 1436/2701/929 1434/2702/928 1496/2703/989 1494/2704/987 1492/2705/985 1490/2706/983 1488/2707/981 1486/2708/979 1484/2709/977 1482/2710/975 1480/2711/973 1478/2712/971 1476/2713/969 1474/2714/967 1472/2715/965 1470/2716/963 1468/2717/961 1466/2718/959 1464/2719/957 1462/2720/955 1460/2721/953 1458/2722/951 1456/2723/949 1454/2724/947 1452/2725/945 1450/2726/943 1448/2727/941 1446/2728/939 1444/2729/937 1442/2730/935 1440/2731/933 1438/2732/931
f 1493/2700/988 1494/2699/987 1496/2733/989 1495/2734/990
f 1495/2734/990 1496/2733/989 1434/2633/928 1433/2632/927
f 1433/2735/927 1435/2736/930 1437/2737/932 1439/2738/934 1441/2739/936 1443/2740/938 1445/2741/940 1447/2742/942 1449/2743/944 1451/2744/946 1453/2745/948 1455/2746/950 1457/2747/952 1459/2748/954 1461/2749/956 1463/2750/958 1465/2751/960 1467/2752/962 1469/2753/964 1471/2754/966 1473/2755/968 1475/2756/970 1477/2757/972 1479/2758/974 1481/2759/976 1483/2760/978 1485/2761/980 1487/2762/982 1489/2763/984 1491/2764/986 1493/2765/988 1495/2766/990
f 1497/2767/991 1498/2768/992 1500/2769/993 1499/2770/994
f 1499/2770/994 1500/2769/993 1502/2771/995 1501/2772/996
f 1501/2772/996 1502/2771/995 1504/2773/997 1503/2774/998
f 1503/2774/998 1504/2773/997 1506/2775/999 1505/2776/1000
f 1505/2776/1000 1506/2775/999 1508/2777/1001 1507/2778/1002
f 1507/2778/1002 1508/2777/1001 1510/2779/1003 1509/2780/1004
f 1509/2780/1004 1510/2779/1003 1512/2781/1005 1511/2782/1006
f 1511/2782/1006 1512/2781/1005 1514/2783/1007 1513/2784/1008
f 1513/2785/1008 1514/2786/1007 1516/2787/1009 1515/2788/1010
f 1515/2788/1010 1516/2787/1009 1518/2789/1011 1517/2790/1012
f 1517/2790/1012 1518/2789/1011 1520/2791/1013 1519/2792/1014
f 1519/2792/1014 1520/2791/1013 1522/2793/1015 1521/2794/1016
f 1521/2794/1016 1522/2793/1015 1524/2795/1017 1523/2796/1018
f 1523/2796/1018 1524/2795/1017 1526/2797/1019 1525/2798/1020
f 1525/2798/1020 1526/2797/1019 1528/2799/1021 1527/2800/1022
f 1527/2800/1022 1528/2799/1021 1530/2801/1023 1529/2802/1024
f 1529/2802/1024 1530/2801/1023 1532/2803/1025 1531/2804/1026
f 1531/2804/1026 1532/2803/1025 1534/2805/1027 1533/2806/1028
f 1533/2806/1028 1534/2805/1027 1536/2807/1029 1535/2808/1030
f 1535/2808/1030 1536/2807/1029 1538/2809/1031 1537/2810/1032
f 1537/2810/1032 1538/2809/1031 1540/2811/1033 1539/2812/1034
f 1539/2812/1034 1540/2811/1033 1542/2813/1035 1541/2814/1036
f 1541/2814/1036 1542/2813/1035 1544/2815/1037 1543/2816/1038
f 1543/2816/1038 1544/2815/1037 1546/2817/1039 1545/2818/1040
f 1545/2819/1040 1546/2820/1039 1548/2821/1041 1547/2822/1042
f 1547/2822/1042 1548/2821/1041 1550/2823/1043 1549/2824/1044
f 1549/2824/1044 1550/2823/1043 1552/2825/1045 1551/2826/1046
f 1551/2826/1046 1552/2825/1045 1554/2827/1047 1553/2828/1048
f 1553/2828/1048 1554/2827/1047 1556/2829/1049 1555/2830/1050
f 1555/2830/1050 1556/2829/1049 1558/2831/1051 1557/2832/1052
f 1500/2833/993 1498/2834/992 1560/2835/1053 1558/2836/1051 1556/2837/1049 1554/2838/1047 1552/2839/1045 1550/2840/1043 1548/2841/1041 1546/2842/1039 1544/2843/1037 1542/2844/1035 1540/2845/1033 1538/2846/1031 1536/2847/1029 1534/2848/1027 1532/2849/1025 1530/2850/1023 1528/2851/1021 1526/2852/1019 1524/2853/1017 1522/2854/1015 1520/2855/1013 1518/2856/1011 1516/2857/1009 1514/2858/1007 1512/2859/1005 1510/2860/1003 1508/2861/1001 1506/2862/999 1504/2863/997 1502/2864/995
f 1557/2832/1052 1558/2831/1051 1560/2865/1053 1559/2866/1054
f 1559/2866/1054 1560/2865/1053 1498/2768/992 1497/2767/991
f 1497/2867/991 1499/2868/994 1501/2869/996 1503/2870/998 1505/2871/1000 1507/2872/1002 1509/2873/1004 1511/2874/1006 1513/2875/1008 1515/2876/1010 1517/2877/1012 1519/2878/1014 1521/2879/1016 1523/2880/1018 1525/2881/1020 1527/2882/1022 1529/2883/1024 1531/2884/1026 1533/2885/1028 1535/2886/1030 1537/2887/1032 1539/2888/1034 1541/2889/1036 1543/2890/1038 1545/2891/1040 1547/2892/1042 1549/2893/1044 1551/2894/1046 1553/2895/1048 1555/2896/1050 1557/2897/1052 1559/2898/1054
f 1561/2899/991 1562/2900/992 1564/2901/993 1563/2902/994
f 1563/2902/994 1564/2901/993 1566/2903/995 1565/2904/996
f 1565/2904/996 1566/2903/995 1568/2905/997 1567/2906/998
f 1567/2906/998 1568/2905/997 1570/2907/999 1569/2908/1000
f 1569/2908/1000 1570/2907/999 1572/2909/1001 1571/2910/1002
f 1571/2910/1002 1572/2909/1001 1574/2911/1003 1573/2912/1004
f 1573/2912/1004 1574/2911/1003 1576/2913/1005 1575/2914/1006
f 1575/2914/1006 1576/2913/1005 1578/2915/1007 1577/2916/1008
f 1577/2917/1008 1578/2918/1007 1580/2919/1009 1579/2920/1010
f 1579/2920/1010 1580/2919/1009 1582/2921/1011 1581/2922/1012
f 1581/2922/1012 1582/2921/1011 1584/2923/1013 1583/2924/1014
f 1583/2924/1014 1584/2923/1013 1586/2925/1015 1585/2926/1016
f 1585/2926/1016 1586/2925/1015 1588/2927/1017 1587/2928/1018
f 1587/2928/1018 1588/2927/1017 1590/2929/1019 1589/2930/1020
f 1589/2930/1020 1590/2929/1019 1592/2931/1021 1591/2932/1022
f 1591/2932/1022 1592/2931/1021 1594/2933/1023 1593/2934/1024
f 1593/2934/1024 1594/2933/1023 1596/2935/1025 1595/2936/1026
f 1595/2936/1026 1596/2935/1025 1598/2937/1027 1597/2938/1028
f 1597/2938/1028 1598/2937/1027 1600/2939/1029 1599/2940/1030
f 1599/2940/1030 1600/2939/1029 1602/2941/1031 1601/2942/1032
f 1601/2942/1032 1602/2941/1031 1604/2943/1033 1603/2944/1034
f 1603/2944/1034 1604/2943/1033 1606/2945/1035 1605/2946/1036
f 1605/2946/1036 1606/2945/1035 1608/2947/1037 1607/2948/1038
f 1607/2948/1038 1608/2947/1037 1610/2949/1039 1609/2950/1040
f 1609/2951/1040 1610/2952/1039 1612/2953/1041 1611/2954/1042
f 1611/2954/1042 1612/2953/1041 1614/2955/1043 1613/2956/1044
f 1613/2956/1044 1614/2955/1043 1616/2957/1045 1615/2958/1046
f 1615/2958/1046 1616/2957/1045 1618/2959/1047 1617/2960/1048
f 1617/2960/1048 1618/2959/1047 1620/2961/1049 1619/2962/1050
f 1619/2962/1050 1620/2961/1049 1622/2963/1051 1621/2964/1052
f 1564/2965/993 1562/2966/992 1624/2967/1053 1622/2968/1051 1620/2969/1049 1618/2970/1047 1616/2971/1045 1614/2972/1043 1612/2973/1041 1610/2974/1039 1608/2975/1037 1606/2976/1035 1604/2977/1033 1602/2978/1031 1600/2979/1029 1598/2980/1027 1596/2981/1025 1594/2982/1023 1592/2983/1021 1590/2984/1019 1588/2985/1017 1586/2986/1015 1584/2987/1013 1582/2988/1011 1580/2989/1009 1578/2990/1007 1576/2991/1005 1574/2992/1003 1572/2993/1001 1570/2994/999 1568/2995/997 1566/2996/995
f 1621/2964/1052 1622/2963/1051 1624/2997/1053 1623/2998/1054
f 1623/2998/1054 1624/2997/1053 1562/2900/992 1561/2899/991
f 1561/2999/991 1563/3000/994 1565/3001/996 1567/3002/998 1569/3003/1000 1571/3004/1002 1573/3005/1004 1575/3006/1006 1577/3007/1008 1579/3008/1010 1581/3009/1012 1583/3010/1014 1585/3011/1016 1587/3012/1018 1589/3013/1020 1591/3014/1022 1593/3015/1024 1595/3016/1026 1597/3017/1028 1599/3018/1030 1601/3019/1032 1603/3020/1034 1605/3021/1036 1607/3022/1038 1609/3023/1040 1611/3024/1042 1613/3025/1044 1615/3026/1046 1617/3027/1048 1619/3028/1050 1621/3029/1052 1623/3030/1054
f 1625/3031/1 1626/3032/2 1628/3033/3 1627/3034/4
f 1627/3034/4 1628/3033/3 1630/3035/5 1629/3036/6
f 1629/3036/6 1630/3035/5 1632/3037/7 1631/3038/8
f 1631/3039/8 1632/3040/7 1634/3041/9 1633/3042/10
f 1633/3042/10 1634/3041/9 1636/3043/11 1635/3044/12
f 1635/3044/12 1636/3043/11 1638/3045/13 1637/3046/14
f 1637/3046/14 1638/3045/13 1640/3047/15 1639/3048/16
f 1639/3048/16 1640/3047/15 1642/3049/17 1641/3050/18
f 1641/3050/18 1642/3049/17 1644/3051/19 1643/3052/20
f 1643/3052/20 1644/3051/19 1646/3053/21 1645/3054/22
f 1645/3054/22 1646/3053/21 1648/3055/23 1647/3056/24
f 1647/3057/24 1648/3058/23 1650/3059/25 1649/3060/26
f 1649/3060/26 1650/3059/25 1652/3061/27 1651/3062/28
f 1651/3062/28 1652/3061/27 1654/3063/29 1653/3064/30
f 1653/3064/30 1654/3063/29 1656/3065/31 1655/3066/32
f 1655/3066/32 1656/3065/31 1658/3067/33 1657/3068/34
f 1657/3068/34 1658/3067/33 1660/3069/35 1659/3070/36
f 1659/3070/36 1660/3069/35 1662/3071/37 1661/3072/38
f 1661/3072/38 1662/3071/37 1664/3073/39 1663/3074/40
f 1663/3074/40 1664/3073/39 1666/3075/41 1665/3076/42
f 1665/3077/42 1666/3078/41 1668/3079/43 1667/3080/44
f 1667/3080/44 1668/3079/43 1670/3081/45 1669/3082/46
f 1669/3082/46 1670/3081/45 1672/3083/47 1671/3084/48
f 1671/3084/48 1672/3083/47 1674/3085/49 1673/3086/50
f 1673/3086/50 1674/3085/49 1676/3087/51 1675/3088/52
f 1675/3088/52 1676/3087/51 1678/3089/53 1677/3090/54
f 1677/3090/54 1678/3089/53 1680/3091/55 1679/3092/56
f 1679/3092/56 1680/3091/55 1682/3093/57 1681/3094/58
f 1681/3095/58 1682/3096/57 1684/3097/59 1683/3098/60
f 1683/3098/60 1684/3097/59 1686/3099/61 1685/3100/62
f 1628/3101/3 1626/3102/2 1688/3103/63 1686/3104/61 1684/3105/59 1682/3106/57 1680/3107/55 1678/3108/53 1676/3109/51 1674/3110/49 1672/3111/47 1670/3112/45 1668/3113/43 1666/3114/41 1664/3115/39 1662/3116/37 1660/3117/35 1658/3118/33 1656/3119/31 1654/3120/29 1652/3121/27 1650/3122/25 1648/3123/23 1646/3124/21 1644/3125/19 1642/3126/17 1640/3127/15 1638/3128/13 1636/3129/11 1634/3130/9 1632/3131/7 1630/3132/5
f 1685/3100/62 1686/3099/61 1688/3133/63 1687/3134/64
f 1687/3134/64 1688/3133/63 1626/3032/2 1625/3031/1
f 1625/3135/1 1627/3136/4 1629/3137/6 1631/3138/8 1633/3139/10 1635/3140/12 1637/3141/14 1639/3142/16 1641/3143/18 1643/3144/20 1645/3145/22 1647/3146/24 1649/3147/26 1651/3148/28 1653/3149/30 1655/3150/32 1657/3151/34 1659/3152/36 1661/3153/38 1663/3154/40 1665/3155/42 1667/3156/44 1669/3157/46 1671/3158/48 1673/3159/50 1675/3160/52 1677/3161/54 1679/3162/56 1681/3163/58 1683/3164/60 1685/3165/62 1687/3166/64
l 926 925
l 928 927
l 929 930
